0001378.jpeg,mare,andalusian,iberian,foal,horse,lighting,shadow,colt
0001379.jpeg,buckskin,stallion,iberian,foal,horse,colt,gallop
0001408.jpeg,stallion,horse,bucking,animal,gray
0001409.jpeg,stallion,horse,wild,animal,run,black,white
0002699.jpeg,peafowl,bird,animal,peacock,white
0002721.jpeg,cat,lion,animal,predator,wild,beast,white
0002743.jpeg,animal,snake,serpent,reptile,wild,white
0002744.jpeg,animal,snake,serpent,reptile,wild,white
0002745.jpeg,animal,snake,serpent,boa,python,reptile,branch,wild,green,white
0002746.jpeg,animal,snake,serpent,boa,giant,reptile,wild,white,green
0002754.jpeg,tyrannosaurus,jurassic,prehistoric,rex,tyrannosaur,reptile,animal,beast,monster,dinosaur,colorful
0002755.jpeg,theropod,dinosaur,bird,reptile,beak
0002756.jpeg,prehistoric,reptile,monster,dinosaur,beast,thorns
0002757.jpeg,jurassic,prehistoric,beast,wild,animal,monster,dinosaur,horns,scales,thorns
0002792.jpeg,swine,hog,wild,boar,predatory,pig,giant,beast
0002793.jpeg,prehistoric,beast,animal,wild,teeth,scary,white,brown
0002794.jpeg,animal,walrus,mammal,fat,brown
0002861.jpeg,animal,crocodile,alligator,reptile,scales
0002864.jpeg,animal,dinosaur,reptile,jurassic
0002868.jpeg,prehistoric,animal,dinosaur,reptile,jurassic,thorn
0002889.jpeg,prehistoric,creatures,animals,fish,aquatic,science,marine,biology
0002890.jpeg,prehistoric,paleontology,animal,bug,insect,trilobite,antennae,beetle,creature,invertebrate,science,biology,zoology
0002892.jpeg,prehistoric,animal,antennae,arachnid,creature,science,biology,zoology
0002894.png,prehistoric,animal,antennae,lobster,shrimp,crab,creature,science,biology,zoology
0002895.png,prehistoric,paleontology,animal,antennae,lobster,shrimp,crab,creature,science,biology,zoology
0002896.jpeg,prehistoric,animal,antennae,lobster,shrimp,crab,creature,science,biology,zoology
0002897.jpeg,prehistoric,animal,antennae,lobster,shrimp,crab,creature,science,biology,zoology
0002898.jpeg,prehistoric,paleontology,animal,octopus,squid,tentacle,creature,science,biology,zoology
0002899.jpeg,prehistoric,paleontology,animal,octopus,squid,tentacle,creature,science,biology,zoology
0002902.jpeg,animal,bug,insect,invertebrate,creature,science,biology,zoology
0002903.jpeg,animal,bug,insect,invertebrate,antennae,creature,science,biology,zoology
0002904.jpeg,animal,bug,insect,invertebrate,antennae,creature,science,biology,zoology
0002905.jpeg,animal,bug,insect,invertebrate,antennae,creature,science,biology,zoology
0002912.jpeg,prehistoric,creature,animals,fish,aquatic,science,marine,biology
0002913.jpeg,prehistoric,creature,animals,fish,aquatic,science,marine,biology
0002918.jpeg,prehistoric,paleontology,creature,animals,bird,wings,feathers,bones,science,biology,zoology
0002919.jpeg,prehistoric,paleontology,creature,animals,bird,wings,feathers,bones,science,biology,zoology
0002920.jpeg,prehistoric,paleontology,creature,animals,dinosaur,reptile,hair,science,biology,zoology
0002925.jpeg,prehistoric,paleontology,creature,animals,dinosaur,reptile,giant,science,biology,zoology
0002926.png,prehistoric,paleontology,creature,animals,dinosaur,reptile,giant,science,biology,zoology
0002928.jpeg,prehistoric,paleontology,creature,animals,dinosaur,beak,bird,science,biology,zoology
0002929.jpeg,prehistoric,paleontology,creature,animals,bird,beak,science,biology,zoology
0003147.jpeg,horse,animal,head,donkey,evolution
0003148.jpeg,animal,mammal,horse,giraffe,horns,mixed,evolution
0003149.jpeg,prehistoric,mammal,animal,beast,mixed,hairy,evolution
0003150.jpeg,animal,prehistoric,evolution,mixed,hairy
0003158.jpeg,raptor,theropod,dinosaur,little,reptile,animal
0003159.jpeg,animal,dinosaur,bird,beak,head,hairy
0003160.jpeg,dog,mammal,hairy,head
0003161.jpeg,animal,mammal,rat,creature
0003164.jpeg,animal,mammal,prehistoric,extinct,evolution,ball
0003165.jpeg,prehistoric,mammal,animal,hairy,claw,creature,beast
0003168.jpeg,animal,mammal,teeth,prehistoric
0003170.jpeg,animal,horse,donkey,mixed
0003174.jpeg,animal,lizard,reptile,hairy,mixed,tail
0003275.jpeg,animal,bird,feather,wing,tail
0003281.jpeg,animal,dinosaur,reptile,bird,beak,run
0003289.jpeg,animal,dinosaur,reptile,tail,theropod
0003521.jpeg,animal,dinosaur,reptile,scales,tail,paint
0003529.jpeg,animal,fish,aquatic,prehistoric
0003532.jpeg,animal,dinosaur,jurassic,wing,bird
0003640.jpeg,jurassic,dinosaur,reptile,animal
0003642.jpeg,animal,whale,aquatic,marine,predator
0004032.jpeg,animal,dinosaur,prehistoric,jurassic,tail
0004034.jpeg,tyrannosaurus,animal,dinosaur,prehistoric,jurassic,tail
0004042.jpeg,animal,dinosaur,prehistoric,jurassic,tail
0004049.jpeg,tyrannosaurus,animal,dinosaur,prehistoric,jurassic,head
0004077.jpeg,theropod,reptile,animal,dinosaur,raptor,prehistoric
0004078.jpeg,tyrannosaurus,theropod,reptile,animal,dinosaur,giant
0004153.jpeg,dinosaur,animal,reptile,claw,prehistoric
0004154.jpeg,dinosaur,animal,reptile,prehistoric
0004155.jpeg,bird,animal,raptor,feather
0004156.jpeg,dinosaur,animal,reptile,prehistoric,thorn
0004159.jpeg,animal,dinosaur,head,scale,reptile
0004160.jpeg,dinosaur,animal,reptile,prehistoric,scale
0004161.jpeg,bird,animal,raptor,hairy
0004194.jpeg,theropod,jurassic,dinosaur,animal,prehistoric
0004195.jpeg,theropod,jurassic,dinosaur,animal,prehistoric
0004199.jpeg,theropod,jurassic,dinosaur,animal,prehistoric