0000001.jpeg,child,black,white,animal,cat,bone,horn,panther,colorless
0000002.jpeg,black,white,cat,lion,animal,bone,horn,lantern,lie,colorless
0000003.jpeg,drawing,black,white,dog,animals,couple,top,colorless
0000004.jpeg,drawing,black,white,cat,animals,baby,parent,family,colorless
0000005.jpeg,animal,cat,tiger,stripes,sad,orange,head,portrait
0000006.jpeg,cat,lion,painting,red,mane,head,portrait,animal
0000007.jpeg,lion,cat,animal,sunlight,mane,wild
0000008.jpeg,portrait,cat,loaf,art,pet,animal,shiny
0000009.jpeg,starry,cat,painting,animal,portrait,head
0000010.jpeg,weasel,starry,white,stoat,animal
0000011.jpeg,snow,leopard,cat,painting,shiny,head,animal
0000012.jpeg,animal,lion,cat,alone,sad,lights
0000013.jpeg,tiger,cat,shiny,starry,head,light
0000014.jpeg,starry,space,tiger,cat,nebula,sky,shine,stardust
0000015.jpeg,space,tiger,cat,art,nebula,stars,sunset,sunlight
0000016.jpeg,big,cheetah,alien,cat,starry,shadow,light
0000017.jpeg,bird,feathers,animal,rain,stars,raindrops
0000018.jpeg,starry,bird,feathers,eagle,night,harpy,stars
0000019.jpeg,light,rain,animal,nebula,ibex,stars,reflection
0000020.jpeg,big,cat,animal,cat,lions,teeth,wild
0000021.jpeg,art,leopard,cat,animal,eat,sketch,spots
0000022.jpeg,big,cat,tiger,head,stripes,animal
0000023.jpeg,art,tiger,cat,animal,sunlight,head,stripe
0000024.jpeg,snow,leopard,cat,head,spots,animal
0000025.jpeg,rain,raindrops,wash,snow,leopard,cat,melancholy
0000026.jpeg,starry,night,animal,leopard,sky,space
0000027.jpeg,cat,rain,art,stars,starry,night,shiny,dark
0000028.jpeg,cat,friend,visit,old,cats,tails,bars
0000029.jpeg,starry,leopard,cat,shiny,head,alone
0000030.jpeg,big,bobcat,art,cat,animal,lynx,snow,winter
0000031.jpeg,tiger,cat,snow,winter,stripe,animal,rest,sunlight
0000032.jpeg,tiger,cat,lay,down,rest,head,paw,stripes
0000033.jpeg,water,big,cat,tiger,striped,swimming,drops,head
0000034.jpeg,pet,cats,portrait,double,sunlight
0000035.jpeg,cat,pet,sunlight,shadow,striped,head
0000036.jpeg,buck,dog,grass,green,hairy,wild
0000037.jpeg,look,cat,pet,sunlight,drawing,sketch
0000038.jpeg,pet,cat,feline,eyedrop,love,warm,sunlight
0000039.jpeg,pescadora,big,cat,feather,girl,colors,colorful,love
0000040.jpeg,portrait,young,girl,bel,python,snake,sunlight
0000041.jpeg,dog,beautiful,girl,sunlight,love
0000042.jpeg,girl.boy,two,young,kids,pokemon
0000043.jpeg,pokemon,girl,young,cat,white,water
0000044.jpeg,pokemon,dog,beast,form,top,bottom,red,blue,contrast,double,two
0000045.jpeg,pokemon,form,top,bottom,contrast,double,two
0000046.jpeg,form,top,bottom,contrast,double,two,nature,green
0000047.jpeg,pokemon,bones,form,top,bottom,contrast,double,two
0000048.jpeg,pokemon,thorns,claw,form,top,bottom,contrast,double,two
0000049.jpeg,pokemon,fire,red,ice,white,form,top,bottom,contrast,double,two
0000050.jpeg,running,pokemon,ice,white,lights,beast,beautiful
0000051.jpeg,mouse,mice,pokemon,beast,form,top,bottom,contrast,horde
0000052.jpeg,happy,coin,gold,cat,form,contrast,double,two,top,bottom,reverse
0000053.jpeg,pokemon,face,little,cute,toy
0000062.jpeg,flower,rose,red,pink,pokemon
0000066.jpeg,pokemon,cartoon,simple,beast,tail,white,blue,fantasy
0000068.jpeg,pokemon,blue,pink,white,simple,beast,fantasy
0000069.jpeg,pokemon,crab,red,cartoon,happy,kid
0000070.jpeg,pokemon,green,small,leaf,cute,white,green
0000071.jpeg,pokemon,funny,baloon,sky,fly,couple,white
0000078.jpeg,pokemon,mouse,happy,small,baby,fantasy,white
0000080.jpeg,pokemon,green,beast,dive,jump,white
0000081.jpeg,cat,pokemon,funny,concept,white,sticky,gummy
0000091.png,pokemon,whale,teeth,big,sea,blue,underwater
0000092.png,snow,pokemon,mammoth,tooth,snow,white,winter,girl
0000093.png,legendary,giant,steel,pokemon,mechanic,robot,clouds
0000094.png,pokemon,bird,sky,clouds,wings,fly,beast,fantasy
0000095.png,egg,pokemon,gang,funny,fantasy,cartoon
0000096.png,pokemon,beast,attack,wild,wing,flying,fly,sky,cloud,dive,clouds
0000097.png,pokemon,jump,electric,sparks,yellow,beast,fantasy
0000098.png,pokemon,electric,light,fantasy,spark
0000099.png,fan,sky,pokemon,funny,gang,clouds,fantasy,cartoon
0000100.png,sand,dragon,desert,pokemon,beast,wing,teeth,big
0000101.png,insect,bug,pokemon,forest,leaves,fantasy,green
0000102.png,pokemon,insect,bug,beast,clouds,splash,water
0000103.png,pokemon,fan,beach,water,sky,blue,cloud
0000104.png,pokemon,insect,bug,mushroom,cartoon,fantasy
0000105.png,december,christmas,tree,pokemon,cartoon,funny
0000106.png,aqua,aquarium,pokemon,bubbles,bottle
0000107.png,pokemon,splash,beast,cartoon,fantasy
0000108.png,egypt,pharaoh,coffin,pokemon,fantasy,cartoon
0000110.png,pokemon,grass,sky,cloud,beast,wild,fantasy
0000111.png,fan,water,underwater,pokemon,ocean,turtle,bubbles
0000112.png,water,fish,teeth,pokemon,ocean,cartoon,splash
0000113.png,ruby,gem,cave,sapphire,pokemon,diamond,fantasy,cartoon
0000114.png,pokemon,snake,sting,teeth,poisonous,beast,cartoon
0000115.png,pink,red,fan,pokemon,cartoon
0000116.png,pokemon,white,cloud,puffy,fantasy,cartoon
0000117.png,pink,pokemon,cute,little,dancing,cartoon
0000118.png,fire,pokemon,dark,beast,fantasy,cartoon
0000134.jpeg,ash,pokemon,pikachu,couple,team,cartoon
0000135.jpeg,ash,hat,pokemon,sunlight,cartoon
0000157.jpeg,pokemon,boy,ash,girl,cartoon,shocked,surprised
0000159.jpeg,sonic,pokemon,ash,hat,ready,blue,cartoon,light
0000781.jpeg,grass,drawing,blonde,steampunk,girly,field,lady,vessel,watercolor,afternoon,sky,dress,woman,clouds,landscape,airship
0000782.jpeg,drawing,hunter,gun,watercolor,hat,conceptual,black,illustration,male,coat,scarf
0000783.jpeg,concept,steampunk,watercolor,cloak,protagonist,character,rifle,male,man,scarf
0000784.jpeg,grass,houses,vet,night,doctor,field,watercolor,dark,man,rural,hat,moon,character,black,village
0000785.jpeg,drawing,watercolor,headphones,art,illustration,music,indie,clothing
0000786.jpeg,portrait,royal,drawing,character,frame,watercolor,lord,illustration,fur
0000787.jpeg,traditional,watercolors,lord,leaves,violin,music,male,autumn,playing
0000788.jpeg,walking,cat,morning,scarf,watercolors,coffee,forest,dusk
0000789.jpeg,grin,sun,warrior,watercolors,battleaxe,moon,sword
0000790.jpeg,drawing,watercolor,illustration,scarf,glasses,frame
0000791.jpeg,portrait,frame,watercolor,indie,modern,girl,depressive
0000792.jpeg,drawing,parody,vampire,watercolors,art,couch
0000793.jpeg,drawing,aspen,birch,willow,warrior,watercolor,illustration,story,characters,forest
0000794.jpeg,drawing,female,dragon,watercolor,illustration,woman,witch
0000795.jpeg,drawing,happy,siblings,watercolor,illustration,cheerful,blonde
0000796.jpeg,drawing,newbie,assistant,books,watercolor,dark,cloak,antagonist,hat,illustration,inky,freshman
0000797.jpeg,drawing,bird,vet,dark,cloak,hat,illustration,male,doctor,veterinarian,glasses
0000798.jpeg,traditional,hunter,steampunk,hat,illustration,coat,goggles,scarf,gun
0000800.jpeg,drawing,character,artwork,story,illustration,spruce,windows,women,royal
0000801.jpeg,trees,sun,story,characters,forest,adventure,warriors,woods,watercolor,morning,illustration,sunrise
0000802.jpeg,red,crimson,crown,watercolors,cloak,prince,royal
0000803.jpeg,roses,doctor,unicorn,fantasy,lady,glasses,flowers,garden
0000804.jpeg,curly,hair,guard,warden,night,female,mountains,moon,prison,sky,glasses,forest
0000805.jpeg,vampire,dark,mountains,illustration,castle,forest,road,hat
0000806.jpeg,story,night,dark,antagonist,protagonist,moon,nature,forest,sword
0000807.jpeg,sinister,cartoon,expression,spiky,hair,red,wizard,mischievous,character,sorcerer,magical,teeth,villain,vicious,grinning,cloak,creepy
0000813.jpeg,cartoon,steampunk,nerd,nerdy,mechanic,metallic,wacky,worried,pipes,coward,machinery,engineer,curtains,scientist,rust,scared,engines,clockwork
0000816.jpeg,magical,powers,crown,steampunk,queen,fur,cloak,yellow,woman,glowing,sorceress,female,woman,eyelashes,blonde,elegant,cloak,shine,sorcery
0000817.jpeg,glow,curly,hair,sketch,magical,sorcerer,shining,sorcery,illustration
0000818.jpeg,cartoon,nasty,palace,grumpy,throne,ugly,lazy,quirky,curtains,moon,strange,messy,villain,king,sitting
0000819.jpeg,sinister,darkness,madness,glowing,light,shadow,wizard,mage,sorcerer,villain,evil,grinning,creepy,red,sorcery,black
0000820.jpeg,bleeding,bloody,magician,feathers,wizard,black,trickster,sorcerer,ominous,gore,villain,smile,grinning,cloak,teeth
0000821.jpeg,mysterious,cup,prince,noble,curly,hair,elegant,aristocrat,eccentric,blue,royalty
0000822.jpeg,portrait,creepy,smile,sinister,fire,burning,bright,glowing,teeth,freckles,sunburn,evil,jacket,villain,smile,grinning,creepy,traitor,sorcery,hat
0000823.jpeg,creepy,smile,magic,cape,sorcerer,magical,candles,light,villain,grinning,magician
0000824.jpeg,mysterious,blue,mountains,scenery,wind,boy,scarf,sunset,clouds,angle,cloak
0000825.jpeg,smile,happy,boots,boy,nordic,fishing,pole
0000826.jpeg,pockets,vest,spiked,hair,man,goggles,lighthearted,hat,funny,teeth,sanguine
0000827.jpeg,coat,steampunk,nerd,antihero,screwdriver,grumpy,scientist,red,scrawny,gloves,lanky
0000828.jpeg,stripes,noble,food,chicken,weird,boy,dinner,meal,nobility,child,eating,meat,aristocratic
0000829.jpeg,snake,stripes,glow,pet,serpent,sorcerer,eccentric,tie,weird,teeth,villain,smile,hair,grinning
0000830.jpeg,black,red,neck,jester,pale,trickster,treacherous,smirk,eccentric,villain,grinning,scrawny,hat,creepy,smile,arrogant,suspicious
0000831.jpeg,sinister,frown,red,family,dark,creepy,goggles,sorcerer,smirk,siblings,scrawny,cloak,scary
0000832.jpeg,disguise,boots,scarf,ponytail,disguised,young,ragged
0000834.jpeg,gesture,stripes,fancy,woman,blonde,fur,haughty,elegant,smile
0000835.jpeg,magic,black,white,mysterious,science,fantasy,sci-fi,ominous,intrigued,contrast,cloak,cracked,glass,mystery,lanky
0000836.jpeg,spiky,hair,dark,snout,mischievous,cloak,treacherous,red,villain,grinning,creepy
0000837.jpeg,smile,steampunk,characters,boy,goggles,scrawny,funky,cloak,annoyed,apprentice,lanky
0000838.jpeg,woman,cartoon,smiles,duo,friends,bar,table,cheers,restaurant,wine,drinking,bottle,glasses,grinning,black,white,beer
0000839.jpeg,sci-fi,fantasy,table,chemistry,science,chemicals,goggles,laboratory,experiment,scrawny,cloak,lanky,black,white
0000840.jpeg,trees,night,redhead,scenery,lake,forest,sitting,freckles,scarf,fishpond,young,boy,water,moon,fish
0000841.jpeg,grey,meditation,family,fur,young,girl,old,lady,grandmother,meditating
0000842.jpeg,sinister,creepy,neck,bloody,dark,red,sorcerer,cloak,villain,blood,hollow
0000843.jpeg,tubes,steampunk,hat,metallic,machines,engineering,gears,wires,male
0000844.jpeg,sick,child,childhood,robe,doctor,expressions,pale,bedroom,kids,children,unwell,stethoscope,teddy,curtains,pajamas,ill,curtains
0000845.jpeg,creepy,sinister,wood,mask,mysterious,people,exile,outcasts,strange,grinning,cloak,creepy,rebels
0000846.jpeg,mysterious,neck,necklace,boy,ponytail,pale,character,young,smile,feminine
0000847.jpeg,baby,fur,spiky,pale,children,young,boy
0000848.jpeg,stitches,curly,hair,light,ill,sick,unwell,boy,scrawny
0000849.jpeg,indian,male,cartoon,cute,joyful,collar
0000850.jpeg,dark,scar,feathers,teeth,grinning,cloak
0000852.jpeg,portrait,female,dramatic,fierce,scratches,bruises,collars
0000854.jpeg,creepy,doll,checkered,stage,wood,fungi,puppet,lamp,black,spooky,moss,halloween,mushrooms,teeth,villain,hollow,grinning,grey,scary
0000855.jpeg,scroll,symbolistic,eye,parchment,ponytail,ominous,magical,creepy,sorcery
0000857.jpeg,dark,shadow,light,darkness,gothic,overlord,throne,cloak,villain
0000858.jpeg,young,child,framing,wizards,caretaker,feathers,orphan,curious,magic,backstory,eccentric,weird,supernatural,sorcery
0000860.jpeg,steampunk,pipes,helmet,machines,rust,clockwork,apprentice,boy,engineering
0000861.jpeg,steampunk,goggles,duo,boss,unfazed,eccentric,apprentice,weirdoes,optimistic
0000862.jpeg,gothic,sly,red,cloak,treacherous,villainous,eccentric,cunning,scrawny
0000863.jpeg,lamppost,female,character,gothic,black,white,yellow,curtains,surprised,look,skirt,quiet
0000864.jpeg,apprehension,trees,forest,woods,anxiety,fur,alone,lonely,pale,paranoid,trees
0000865.jpeg,magic,powers,witch,purple,sorceress,supernatural,sorcery,spirals
0000866.jpeg,coat,creepy,heart,trench,ominous,charming,grinning,scrawny,collar,white,goggles,fantasy
0000867.jpeg,snacks,cozy,room,stripes,redhead,trio,afternoon,cake
0000868.jpeg,jolly,happy,grin,swirls,smile,creepy,black,white,glasses,fantasy
0000870.jpeg,neurotic,weirdo,jesper,goggles,poses,expressions
0000871.jpeg,curly,black,hair,gun,bruised,sci-fi,fantasy,firearm,white
0000872.jpeg,villain,gothic,cloak,antagonist,wine,red,fantasy,spirals
0000873.jpeg,steampunk,goggles,office,quartz,expression,sitting,microscope,desk,insanity,chair,scientist,monocle,villain,clockwork
0000874.jpeg,steampunk,clockworks,robe,machinery,metallic,sci-fi,victorian,hat,cape,engineer,supervisor,engines,collar
0000875.jpeg,portrait,crown,warlock,queen,magician,sorceress,fantasy,sword,haughty,power,cloak,gold,spirals
0000877.jpeg,story,scavenger,redhead,capes,sorcerer,cover,trio,sword,spiral,swirl,cloak,sorcery
0000878.jpeg,story,cartoon,fantasy,concept,magic,black,white,sorcerer,forces,battle,concept,contrast,cloaks,characters
0000879.jpeg,range,fire,night,mountains,inner,monologue,troubled,lonely,orphan,campfire,child,cloak
0000880.jpeg,shy,magic,powers,stripes,glowing,smile,fantasy,scarf,sorcerer,blue
0000881.jpeg,red,wizard,magic,trickster,fantasy,cloak,cape,cunning,villain,grinning
0000882.jpeg,grinning,trickster,staff,fantasy,wizard,magic,sorcerer,cunning,villain,smile
0000885.jpeg,worried,carefree,characters,scarf,expressions,poses,boy
0000886.jpeg,night,fear,worry,ghost,scared,nightmare,bed,boy
0000887.jpeg,dinner,story,thoughts,confused,cloak,insecure,black,white,table
0000889.jpeg,grumpy,curtains,colorful,patterns,character,annoyed,carpet
0000890.jpeg,story,spiky,hair,ketchup,cape,tongue,white,sketch
0001038.jpeg,horse,spooky,creepy,skeleton,zombie,fear,death,fantasy
0001068.jpeg,portrait,mustang,horse,animal,dawn,realistic
0001069.jpeg,horse,gallop,running,portrait,windy
0001074.jpeg,portrait,blossom,flower,beauty,realistic,horse,spring
0001075.jpeg,portrait,nature,autumn,realistic,horse
0001076.jpeg,horse,realistic,portrait,head,brown
0001078.jpeg,portrait,realistic,horse,animal,white
0001079.jpeg,portrait,headshot,head,realistic,horse
0001082.jpeg,dark,front,black,realistic,horse
0001083.jpeg,portrait,friesian,horse,black,dark,head
0001084.jpeg,portrait,roses,heart,realistic,horse,spring,brown
0001098.jpeg,background,house,garden,realistic,body,horse,woman,couple,love
0001101.jpeg,training,sport,ride,horse,dressage,riding,woman
0001107.jpeg,crystals,portrait,heavy,snow,horse,winter,below,animal
0001137.jpeg,portrait,head,realistic,horse,noble,black
0001138.jpeg,portrait,horse,back,animal,fancy
0001187.jpeg,horse,equine,night,mystery,moon,dark,stars
0001207.jpeg,stallion,water,black,pond,horse,equine,forest
0001208.jpeg,horns,buckskin,trot,gold,tail,horse,unicorn,equine
0001209.jpeg,rain,rearing,ramp,water,glow,horse,equine
0001210.jpeg,grey,white,rearing,stallion,wild,horse,equine
0001213.jpeg,black,horse,foal,trot,shiny,glow,moon,night,dark,fantasy
0001214.jpeg,black,horse,foal,grass,trot
0001216.jpeg,red,fire,mare,black,horse,equine,fantasy,shine,shiny
0001217.jpeg,gallop,mare,wild,free,horse,equine,field
0001218.jpeg,blizzard,dark,snow,winter,black,equine,fantasy,run
0001222.jpeg,horse,unicorn,equine,silver,horn,mane,tail,fantasy,beauty
0001223.jpeg,sunrise,dragonfly,mountains,waters,lake,nature,horse,equine
0001224.jpeg,rocky,mountains,tree,blue,snow,winter,horse,animal
0001225.jpeg,buckskin,rearing,snow,winter,horse,mane,animal
0001226.jpeg,blue,snow,winter,white,horse,mane,equine
0001227.jpeg,horn,arabian,horse,equine,portrait,head
0001228.jpeg,blizzard,snow,winter,cold,black,horse,mask,creature
0001229.jpeg,white,equine,pegasus,wings,fantasy,myth,double,side
0001230.jpeg,wings,rearing,moon,white,horse,lightning,equine,pegasus,feathers
0001231.jpeg,night,rearing,dark,black,moon,fantasy,pegasus,horse,wings,lightning,feathers
0001233.jpeg,wind,brown,chestnut,horse,equine,forest,mane
0001234.jpeg,trees,girl,reflection,birds,scenery,water,horse,unicorn,fantasy,sunset
0001235.jpeg,creature,mane,horse,equine,clouds,fantasy
0001237.jpeg,mare,cute,horse,equine,animal,brown
0001238.jpeg,heavy,chestnut,animal,horse,equine
0001267.jpeg,portrait,head,realistic,horse,equine,dark,black,noble
0001268.jpeg,portrait,head,dark,realistic,horse,equine,mottled
0001273.jpeg,mare,black,horse,unicorn,horn,fear,dark
0001274.jpeg,grey,white,grass,hair,stallion,canter,horse,thoroughbred,noble
0001281.jpeg,violet,stallion,glow,horse,pegasus,dream,fantasy,spirit,soul
0001283.jpeg,mare,black,horse,halter,girl,love,couple
0001285.jpeg,spanish,walk,stallion,beach,sea,horse,equine,dressage
0001288.jpeg,pony,realistic,horse,equine,head,face
0001289.jpeg,portrait,stallion,realistic,horse,equine,dark,brown,head
0001296.jpeg,grey,stallion,halter,horse,snow,winter,trees
0001301.jpeg,horses,hairy,fantasy,couple,dark,gallop,run
0001321.jpeg,equine,horse,riding,dressage,guys,trot
0001324.jpeg,summer,dressage,equine,sunlight,scenery,lighting,horse,rider
0001325.jpeg,equine,equestrians,trees,horse,riding,riders,summer,sunny
0001326.jpeg,scenery,equestrian,equine,riding,background,horse,nature,equine
0001327.jpeg,horse,equestrian,equine,sunlight,scenery,nature,forest,spring
0001328.jpeg,equine,horse,riding,sunlight,warm,autumn,forest
0001329.jpeg,equine,horse,riding,spring,man,gallop
0001330.jpeg,handsome,equine,horse,shadows,male,rider,lighting
0001331.jpeg,show,jumping,summer,sun,equine,horse,riding
0001332.jpeg,show,jumping,horse,summer,sunlight,lighting,competitions,dressage
0001333.jpeg,summer,dressage,equine,sunlight,scenery,lighting,competitions,horse,trot,woman
0001334.jpeg,show,jumping,horse,sunlight,equine,lights,competitions
0001335.jpeg,handsome,equine,horse,happy,man
0001337.jpeg,equine,horse,bull,animal,lighting
0001338.jpeg,summer,lake,equine,lighting,horse,swimming,water,girl
0001339.jpeg,speed,scenery,animals,equine,horse,running
0001341.jpeg,horse,sunlight,morning,glory,equine,riding,couples
0001342.jpeg,horse,halter,morning,horsemanship,equine,stables,dressage
0001343.jpeg,horse,sunlight,scenery,morning,horsemanship,equine,dressage,rider
0001344.jpeg,creek,sunlight,scenery,equine,lighting,cold,reflection,water,snow,horse,rider,jumping
0001345.jpeg,mountains,sunlight,scenery,equestrian,equine,snow,dynamic,horse,riders,winter
0001346.jpeg,sunlight,scenery,forest,equine,lighting,autumn,horse,riders
0001347.jpeg,environment,horse,mountains,scenery,equine,dog,fields
0001348.jpeg,environment,sunlight,scenery,field,equine,meadow,love,horse,girl
0001349.jpeg,night,sunlight,scenery,equestrian,equine,atmospheric,happy,snow,northern,lights,winter
0001350.jpeg,environment,sunlight,scenery,field,equine,lighting,sky,meadow,gallop,horse
0001351.jpeg,horse,sunlight,scenery,morning,bright,equine,horsemanship,dressage,riding,man
0001352.jpeg,light,beams,endurance,horse,forest,girl,ride
0001354.jpeg,show,andalusian,arena,jog,competition,horse,dressage,fail,fall
0001356.jpeg,stallion,chestnut,arabian,horse,mottled,side,animal
0001357.jpeg,mare,horse,dark,tail,lighting,shade,animal,realistic
0001359.jpeg,mare,snow,winter,horse,cold,environment
0001361.jpeg,andalusian,horse,rearing,man,hat,sport
0001365.jpeg,event,showjumping,competition,horse,sport,woman,jump
0001366.jpeg,chestnut,competition,horse,man,hat,trot
0001368.jpeg,stallion,event,stables,light,horse,woman,rearing,rise
0001369.jpeg,show,horse,dressage,halter,two,man,side
0001370.jpeg,sooty,buckskin,stallion,animal,horse,run,shading,maneuver,speed,fast
0001371.jpeg,horse,black,lighting,shade,side,animal,realistic
0001372.jpeg,training,stallion,jumping,horse,ride,sport,rise,man,jockey,hurdles
0001373.jpeg,training,spring,mare,barroco,horse,dressage,gallop,woman,ride
0001374.jpeg,stallion,competition,horse,dressage,man,ride,fast,speed,sport
0001376.jpeg,angle,stallion,competition,horse,hurdles,jumping,show,sport
0001378.jpeg,mare,andalusian,iberian,foal,horse,lighting,shadow,colt
0001379.jpeg,buckskin,stallion,iberian,foal,horse,colt,gallop
0001381.jpeg,indoor,bullfight,spain,stallion,iberian,horse,show,matador,bull
0001382.jpeg,training,horse,dressage,practice,horses,ride,gallop,trot
0001386.jpeg,stallion,shading,light,horse,show,dust,gallop,maneuver
0001387.jpeg,background,arena,outdoor,training,barroco,stable,horse,baroque,riders
0001388.jpeg,rearing,horse,baroque,animal,rise,ramp,white
0001389.jpeg,sun,stallion,snow,winter,barroco,light,horse,stud,baroque,sunlight,mottled
0001390.jpeg,mare,horse,baroque,mottled,outdoor
0001391.jpeg,stallion,background,chestnut,horse,animal
0001393.jpeg,obstacle,show,beach,cross,sea,jumping,competition,horse,woman,hurdle
0001394.jpeg,indoor,arena,jumping,sport,competition,horse,hurdle,woman
0001395.jpeg,obstacle,show,hurdles,background,jumping,horse,realistic
0001396.png,sidewalk,stallion,competition,horse,dressage,pose,ride
0001397.jpeg,landscape,horse,race,girl,nature,sea,sun,sunlight
0001398.jpeg,stallion,contest,water,competition,horse,woman,splash,sunlight
0001399.jpeg,obstacle,train,horse,baroque,jumping,sunlight
0001400.jpeg,jump,hurdle,stallion,animal,horse,spring
0001401.jpeg,practice,horse,dressage,halter,riding,man
0001402.jpeg,show,competition,arena,sand,horse,riding,dressage
0001403.jpeg,show,indoor,arena,competition,horse,dressage,ride
0001404.jpeg,stable,horse,animals,rain,dressage
0001407.png,horse,stallion,halter,black,white
0001408.jpeg,stallion,horse,bucking,animal,gray
0001409.jpeg,stallion,horse,wild,animal,run,black,white
0001410.jpeg,stallion,wild,water,splash,horse,animal,black,white
0001411.jpeg,beach,sand,sea,horse,animal,brown
0001415.jpeg,equine,horse,riding,rider,equine,cold,dressage
0001416.jpeg,stallion,horse,equine,gallop,riding,sand
0001418.jpeg,horses,equine,stable,riding,jumping,outdoor
0001419.jpeg,horses,equine,riding,training,riders
0001420.jpeg,horses,equine,riding,bandage,treatment
0001421.jpeg,horses,equine,stable,scene,environment,riding,training,riders
0001422.jpeg,horses,equine,riding,girls,hat,training,rain
0001423.jpeg,horse,accident,scene,crash,boy,tragic,cry,rain,gray
0001425.png,horses,equine,riding,training,rider,dressage,halter,couple
0001426.jpeg,horses,equine,training,rider,girl,love,stable,indoor
0001427.png,horses,equine,riding,training,rider,sand,outdoor
0001428.png,horses,equine,riding,training,rider,woman,sunlight
0001429.jpeg,horses,equine,riding,training,rider,scene,outdoor
0001431.jpeg,horses,equine,riding,training,riders,night,winter,snow,stars,scene,story
0001432.jpeg,horses,equine,stable,halter,riding,training,riders
0001435.jpeg,horses,dogs,equine,snow,winter,scene,story
0001436.jpeg,horses,equine,riding,rider,sunlight,outdoor,scene,cold
0001437.jpeg,horse,equine,light,man,love,couple
0001439.jpeg,horse,equine,gray,riding,dressage,man,gentleman,training,rider,outdoor,sunlight
0001440.jpeg,horse,equine,riding,training,rider,man,gentleman,dressage,stable,indoor
0001441.jpeg,horses,equine,riding,gallop,rider,gentleman,man,competition
0001443.jpeg,horses,equine,riding,rider,accident,fall,injury,stable,indoor,scene
0001444.jpeg,horses,equine,stable,indoor,love,warm,caress,man,woman
0001445.jpeg,horses,equine,riding,training,rider,stable,halter
0001446.jpeg,horses,equine,riding,training,riders,scene,indoor,man
0001447.jpeg,horse,riding,rider,fast,gallop,run,environment
0001448.jpeg,horses,equine,riding,training,rider,gallop,outdoor,stable,scene
0001449.jpeg,horse,equine,halter,white,couple,man,woman
0001450.jpeg,horse,equine,riding,rider,sea,beach,women
0001451.jpeg,horses,trees,scene,riders,rain,cold,rest,care,lay
0001452.jpeg,horses,scene,truck,danger,mad,rage,furious,winter,snow,rain
0001453.jpeg,horses,riding,snow,winter,cold,environment,scene,debate
0001454.jpeg,horse,dressage,winter,cold,rain,halter,trees
0001455.jpeg,horses,halter,dressage,mad,furious,rearing,tree,lamp
0001456.jpeg,scene,stable,horses,outdoor,environment,trees,women
0001457.jpeg,horses,ride,gallop,run,snow,winter,white,cold,scene
0001458.jpeg,horses,riders,mountains,snow,winter,cold,sunlight
0001459.jpeg,horses,riders,fast,run,gallop,race,contest,environment
0001460.jpeg,horses,equine,girl,beautiful,ride
0001462.jpeg,horses,equine,woman,ride,race,gallop,sunlight,outdoor
0001463.jpeg,horses,equine,halter,dressage,grass,environment,girl,hold
0001464.jpeg,horses,equine,indoor,ride,gallop,ride,spotlight
0001465.jpeg,horses,equine,jumping,hurdles,contest,competition,mascots,umbrella,skyscrapers
0001470.jpeg,horses,equine,stable,outdoor,scene,sunlight,people
0001471.jpeg,horses,equine,stable,outdoor,scene,sunlight,riders,gallop,flags
0001472.jpeg,horses,riders,trot,squirrel,forest,nature,branches,trees
0001473.jpeg,horses,riders,sea,beach,clouds,crowd,people,scene,stroll
0001474.jpeg,horses,riders,sea,couple,rain,scenery
0001475.jpeg,horses,environment,grass,scenery,girl
0001476.jpeg,horse,rearing,rider,scenery,park,crowd,castle,night,lights,stars,comet
0001495.jpeg,horse,equine,gallop,dressage,mountains,scenery,rain,trees
0001496.jpeg,dad,love,spots,father,daughter,appaloosa,horse,equine,scenery,forest,flowers,nature
0001497.jpeg,race,horse,equine,girl,reverse,falling,forest,scenery
0001501.jpeg,fail,fall,accident,mad,furious,bucking,horse,equine,boys,sand
0001502.jpeg,horse,tail,equine,ride,gentleman,sand,tribune
0001503.jpeg,horse,tail,knit,equine,dressage,ride,gentleman,sand
0001505.jpeg,sunrise,horse,equine,showjumping,hurdles,ride,horse,lake,splash
0001507.jpeg,horses,equine,falling,riders,scene,forest,trees
0001508.jpeg,horse,equine,riders,scenery,fields,clouds
0001509.jpeg,horse,equine,cowboy,hat,rider,cattle,cow,animals,fence
0001510.jpeg,story,training,barn,horse,equine,lay,restrain,hold
0001511.jpeg,story,mountains,field,rpg,hill,horse,riding,equine,water,environment
0001512.jpeg,training,horse,equine,boy,fence,scenery
0001515.jpeg,horses,riders,equine,cowboy,hat,cattle,cow,indoor,scene,sand
0001516.jpeg,equine,horse,bucking,rider,cowboy,hat,sand,indoor
0001517.jpeg,equine,horse,trot,rider,cowboy,hat,sand,fence,clouds
0001518.jpeg,equine,horse,animal,cattle,rider,cowboy,hat,sand,indoor
0001549.jpeg,horse,animal,race,rider,gallop,forest,trees
0001551.jpeg,horse,animal,rider,jumping,below,house,rain,telephone box
0001552.jpeg,horse,animal,rider,jumping,scene,trees,ship,bottle,tentacles
0001553.jpeg,horse,animal,rider,show,trot,sand,scene,bird,sunset
0001554.jpeg,horse,animal,rider,dark,black,moonlight,scene,columns
0001555.jpeg,horse,animal,rider,dark,scene,sea,sand,runway
0001556.jpeg,horse,animal,rider,jumping,hurdles,scene,sunlight
0001557.jpeg,horse,animal,rider,gallop,sport,hurdles,scene,flowers,trees
0001558.jpeg,horse,animal,rider,gallop,sport,hurdles,jumping,scene,rain,dark
0001559.jpeg,horse,animal,rider,gallop,sport,run,scene,field,trees
0001560.jpeg,horse,animal,rider,gallop,run,racing,spot
0001561.jpeg,racing,horse,animal,rider,gallop,run,sport,hippodrome,tribune
0001562.jpeg,racing,horse,colt,rider,scene,trees
0001563.jpeg,racing,horse,equine,rider,gallop,halter,scene
0001567.jpeg,racing,horse,equine,gallop,run,jockey,rider,sunset,scenery
0001569.jpeg,horse,scenery,winter,tower,hippodrome,runway,lights
0001570.jpeg,horse,equine,racing,jockey,rider,snowing,towers,runway
0001571.jpeg,racing,colt,horse,runway,rider,jockey,scene,towers
0001572.jpeg,racing,horse,run,jockey,runway,night
0001573.jpeg,racing,horse,equine,run,sand,jockey
0001574.jpeg,mare,winter,competition,rearing,scene,mountains,snow,winter
0001575.jpeg,portrait,head,horse,animal,back
0001576.jpeg,horses,animals,thoroughbred,buckskin,gallop,grass,field
0001582.png,horse,bucking,dressage,man,strong
0001584.png,horse,stallion,dirty,environment,outdoor,trees,fences
0001585.png,horse,stallion,halter,buildings,outdoor,sunlight
0001587.png,horse,playing,snow,lay,love,man,male
0001590.png,horse,rider,lake,cold,scenery
0001594.png,horses,riders,jockeys,story,scene
0001595.png,horses,riders,training,equine,stable,indoor
0001597.png,horses,equine,jumping,obstacles,rain,lights
0001598.png,rifle,hunting,horse,rider,snow,winter,trees
0001599.png,horses,snowing,winter,cold,scene,men
0001603.png,horses,riders,men,race,environment,trees
0001605.png,horse,rider,man,dressage,trees
0001607.png,accident,falling,horse,rider,trees
0001608.png,horses,equine,men,male,story
0001609.jpeg,horses,riders,snow,winter,forest,trees
0001610.jpeg,horse,rider,jumping,training,sunrise,trees
0001612.jpeg,horses,rider,fox,animal,creek,forest,trees,crossing,splash
0001613.jpeg,horses,rider,run,snowing,winter,cold,lake,mountain,scenery
0001616.png,horses,above,snow,spotlight,lamp
0001618.png,stallion,horse,animal,rearing,rise,snow,winter,lake
0001619.png,horses,trot,trees,mountains,grass,scenery
0001620.png,mare,horse,gallop,mountains,snow,scenery
0001621.jpeg,horse,snow,mountains,trees,scenery
0001622.png,horse,animal,scenery,sky,gravel
0001623.png,horse,animal,gallop,fog,hill
0001624.png,horse,animal,mottled,gallop,lake,scenery
0001625.jpeg,horse,animal,stallion,house,building
0001626.png,horse,animal,gallop,black,snow,lake,scenery,trees
0001627.jpeg,horse,animal,stallion,house,building
0001628.png,racing,training,stallion,horse,rider,gallop,lake,lakeside,trees
0001629.jpeg,horses,animals,riders,snow,winter,trees,selfie,pose,sunlight
0001634.jpeg,horse,animal,stallion,rearing,scenery,trees,mountains
0001638.png,horses,mottled,spot,rearing,rise,scenery,sun,snow,trees,white
0001639.png,horses,animals,swimming,underwater,clouds
0001640.jpeg,horse,rider,trot,show,tribune,audience
0001641.jpeg,horses,rider,jumping,hurdles,show,outdoor,trees
0001644.jpeg,horses,riders,trot,snow,winter,cold
0001645.jpeg,horses,halter,falling,accident,ice,lake
0001646.jpeg,horses,above,girls,lay,faint,footprint,snow,winter
0001647.jpeg,horses,riders,gallop,horde,scenery,snow,winter
0001648.jpeg,horses,riders,gallop,scenery,mountains,winter
0001649.jpeg,horses,story,hug,reunion,ship,rain
0001650.jpeg,horses,riders,gallop,selfie,pose,winter,snow,cold,scenery,trees
0001651.jpeg,horse,girl,beautiful,sexy,pose,dark,black
0001652.jpeg,horse,animal,stain,dark,black
0001653.jpeg,horse,animal,stallion,dark,brown
0001657.jpeg,horse,white,man,forest,trees
0001658.jpeg,horse,animal,white,dark,fancy
0001660.jpeg,horse,animal,brown,strong,light
0001661.jpeg,mare,horse,animal,sooty,brown
0001662.jpeg,horse,animal,stallion,brown,trot,thoroughbred
0001664.jpeg,horse,stallion,halter,environment,trees,sunset
0001665.jpeg,portrait,horse,stallion,white,back
0001667.jpeg,stallion,equine,horse,trot,grass,rider,man
0001668.jpeg,horse,animal,noble,white,forest,trees
0001669.jpeg,horse,animal,stallion,strong,fence
0001670.jpeg,horse,animal,palomino,mottled,sand
0001671.jpeg,horse,rider,jumping,obstacle,sport,forest,trees,sunlight
0001672.png,horse,halter,above,angle,lights
0001673.jpeg,portrait,head,gray,horse,stallion,halter
0001674.jpeg,horse,rider,jumping,hurdle,sport,show,rise
0001675.jpeg,portrait,stallion,horse,arabian,head,hairy,realistic
0001676.jpeg,scenery,horse,trees,grass,green
0001677.jpeg,horse,rolling,playing,cute,white,snow
0001678.jpeg,horse,stallion,animal,portrait,head,white,brown
0001679.jpeg,horse,animal,gallop,run,fast,environment,grass,trees
0001680.jpeg,horse,rider,jockey,jumping,obstacle,sport,sunlight,environment
0001681.jpeg,horse,equine,dressage,indoor,sunlight,dark
0001685.jpeg,horse,equine,rider,race,gallop,snow,winter
0001686.jpeg,horse,animal,stallion,brown,green
0001687.jpeg,horse,grey,rider,training,trot,dressage
0001688.jpeg,stallion,horses,dressage,rider,fence,men
0001689.jpeg,horse,rider,woman,jumping,hurdles
0001690.jpeg,horse,rider,woman,cross,splash,trees,environment
0001691.jpeg,stallion,horse,equine,dressage,man,hat,stables
0001692.jpeg,horse,equine,ride,main,dressage,sunset,fields,clouds
0001693.jpeg,hussar,cavalry,military,horse,rearing,mount,sunlight
0001694.jpeg,horses,equine,halter,people,dressage
0001696.jpeg,horses,equine,riders,trot,cold,snow,winter
0001697.jpeg,horses,dressage,halter,white,snow,cold
0001700.jpeg,horse,animal,stallion,antlers,stable,dark,sunlight
0001701.jpeg,horse,equine,gallop,running,snow,winter,white,forest,tree,sunlight
0001702.jpeg,horse,riding,trail,hunt,scenery,lake,trees
0001703.jpeg,horses,riders,equine,trot,halter,snow,white
0001704.jpeg,horse,equine,man,handsome,trot,forest,nature,trees
0001710.jpeg,horse,riders,climbing,challenge,mountain,hill,dust,trees
0001711.jpeg,snow,winter,horse,storm,gallop,rider
0001721.jpeg,girl,beautiful,liquid,meditation,glowing,calm,fantasy
0001724.jpeg,girl,portrait,beautiful,blonde,flowers,tulips,night
0001725.jpeg,portrait,woman,blonde,hair,black,queen,crown,dagger,flowers
0001726.jpeg,portrait,woman,beautiful,hair,crown,night,dark,stars
0001727.jpeg,girl,wild,antler,hair,huntress,nature,coat,deer,forest,winter
0001739.jpeg,portrait,girl,beautiful,blonde,white,hair
0001740.jpeg,portrait,girl,woman,beautiful,tattoos,dark
0001741.jpeg,portrait,dark,girl,beautiful,hair,black,sexy,cleavage
0001743.jpeg,portrait,girl,woman,female,beautiful,hair,necklace
0001744.jpeg,portrait,woman,female,beautiful,glow,hair,cleavage
0001745.jpeg,portrait,woman,female,beautiful,sexy
0001746.jpeg,portrait,woman,female,beautiful,blonde
0001747.jpeg,portrait,woman,female,beautiful,blonde,nails,cleavage,fantasy
0001748.jpeg,portrait,woman,female,beautiful,blonde,elf,elven,crown,princess,fantasy
0001761.jpeg,portrait,woman,female,beautiful,sexy,cleavage,necklace,earring
0001762.jpeg,portrait,woman,female,beautiful,beauty,sexy,cleavage,earring
0001763.jpeg,portrait,woman,female,beautiful,symbols
0001764.jpeg,portrait,face,woman,female,hair,beautiful
0001765.jpeg,portrait,face,woman,female,beautiful,lights
0001766.jpeg,red,female,creepy,nails,fantasy
0001769.jpeg,girl,cheerleader,illustration,cat,tail,cute,happy,orange
0001770.jpeg,boy,pose,illustration,cool,blue
0001775.jpeg,character,illustration,glow,purple,power,necromancer,fantasy
0001776.jpeg,woman,assassin,character,cool,illustration,black,hair,puffy
0001777.jpeg,woman,blonde,warrior,rifle,gun,tough,illustration
0001778.jpeg,character,illustration,wings,bird,beak,fantasy
0001779.jpeg,man,blue,illustration,black,glow,fantasy
0001780.jpeg,king,throne,illustration,black,red,elf,fantasy
0001782.jpeg,female,beautiful,illustration,pink,light,sunset
0001786.jpeg,boy,scenery,winter,landscape,trees,forest,clouds
0001787.jpeg,guy,bunny,animals,love,cool,glasses
0001789.jpeg,woman,illustration,hero,tough,strong,costume,fantasy
0001791.jpeg,guy,green,fashion,cool,illustration
0001799.jpeg,portrait,male,handsome,horns,unnatural,dark,blonde,fantasy
0001803.jpeg,portrait,male,scales,evil,unnatural,demonic,dark,white,fantasy
0001808.jpeg,portrait,female,girl,beautiful,cat,fantasy
0001810.jpeg,portrait,female,woman,stylish,smile,horns,unnatural,fantasy
0001811.jpeg,portrait,female,girl,smile,cleavage,sexy,stylish
0001821.png,portrait,female,girl,monocle,stylish,necklace,fantasy,dark,black
0001823.jpeg,portrait,female,girl,sad,horns,fantasy,scales,blue
0002034.jpeg,guy,alone,sit,room,bed,night,light
0002048.png,girl,shot,headshot,violence,blood,shocked,shocking
0002648.jpeg,dinosaur,reptile,animal,beast,wild,teeth,primal,head
0002649.jpeg,dinosaur,reptile,animal,drawing,sketch,pencils,coloring
0002650.jpeg,dinosaur,reptile,animal,beast,teeth,drawing,sketch,doodle,white
0002652.jpeg,dinosaur,reptile,animal,beast,wild,teeth,feather,primal,family
0002656.jpeg,prehistoric,dinosaur,tyrannosaurus,rex,feathers,beast,wild,teeth,drawing,sketch,doodle,white
0002657.jpeg,tyrant,theropod,feathered,dinosaur,tyrannosaurus,rex,predator,dinosaur,scavenger
0002658.jpeg,tyrannosaurus,prehistoric,bird,feathered,dinosaur,wild,beast,teeth,hunt,colored
0002660.jpeg,prehistoric,tyrannosaurus,rex,monster,predator,scavenger,dinosaur,drawing,sketch,white
0002664.jpeg,monster,dinosaurs,velociraptor,beast,feathers,white,drawing,sketch,doodle
0002665.jpeg,tyrannosaurus,prehistoric,feathered,dinosaur,wild,beast,bones,drawing,sketch,white
0002667.jpeg,theropod,dinosaur,jungle,forest,animals,prehistoric,primal,white
0002668.jpeg,theropod,lizard,jurassic,prehistoric,scales,animal,dinosaur,gecko,animals,hunt,white
0002669.jpeg,prehistoric,beast,reptile,animal,monster,dinosaur,giant,wild,thorns,white
0002670.jpeg,prehistoric,dinosaur,thorns,scales,wild,beast,giant,white
0002671.jpeg,mega,theropod,jurassic,prehistoric,giant,dinosaurs,beast,reptile,white
0002672.jpeg,prehistoric,beast,dinosaur,animal,head,scales,teeth,white
0002673.jpeg,raptor,theropod,prehistoric,animal,dinosaur,jungle,wild,attack,fight,birds,white
0002674.jpeg,prehistoric,river,animal,crocodile,monster,dinosaur,beast,wild,fight,hunt,birds,white
0002675.jpeg,attack,prehistoric,beast,reptile,animal,crocodile,monster,teeth,deadly,scary
0002676.jpeg,lizard,prehistoric,beast,animal,monster,dinosaur,hunt,primal,bird,white
0002677.jpeg,beasts,prehistoric,animals,bear,wild,giant,ground,fight,white
0002678.jpeg,fight,hunt,prehistoric,great,beast,animal,white,shark,birds
0002679.jpeg,prehistoric,fight,attack,animal,owl,birds,white,black
0002680.jpeg,jaguar,cat,prehistoric,panthera,animal,leopard,armadillo,predator,hunt,jump,tree,wild
0002681.jpeg,prehistoric,bear,animal,monster,beaver,fight
0002682.jpeg,rhino,bird,prehistoric,beast,animal,monster,dinosaur,terror,attack
0002683.jpeg,colony,bird,prehistoric,giant,penguin,animal,monster,attack,boy
0002684.jpeg,bird,prehistoric,birds,animal,fight,white
0002685.jpeg,animals,dog,bird,feathers,gigantic,giant,wild,ancient,hunt,attack,white
0002686.jpeg,fire,prehistoric,eagle,bird,feather,animals,white
0002687.jpeg,seal,prehistoric,whale,sea,animal,monster,mammal,beast,teeth,scary,white
0002688.jpeg,diving,giant,diver,swim,fish,monsters,white
0002689.jpeg,diving,fish,underwater,monster,white
0002690.jpeg,eel,sea,animal,fish
0002691.jpeg,colony,sea,oceanic,white,monster,shark,beast,teeth,underwater
0002692.jpeg,swimming,diving,big,giant,fish,shark,white
0002693.jpeg,diving,giant,fish,shark,white
0002694.jpeg,underwater,diving,cage,giant,sea,monster,fish,shark
0002695.jpeg,eel,marine,sea,animal,underwater,diver,creature,monster,fish,serpent,white
0002696.jpeg,swordfish,animal,monster,fish,diver,underwater,white
0002697.jpeg,catfish,animal,diver,monster,fish,white
0002698.jpeg,bird,woodpecker,beak,animals,white
0002699.jpeg,peafowl,bird,animal,peacock,white
0002700.jpeg,vulture,bird,feather,wing,animal,dinosaur,scavenger,white
0002701.jpeg,beast,giant,animal,raccoon,wild,monster,white
0002702.jpeg,beast,animal,monster,beast,mammal,white
0002703.jpeg,beast,scary,animal,hyena,attack,teeth,white
0002704.jpeg,beast,animal,predator,mammal,wild,white
0002705.jpeg,life,whale,giant,sea,animal,creature,diver,swim,underwater,white
0002706.jpeg,life,whale,giant,sea,animal,creature,diver,swim,underwater,white
0002707.jpeg,mole,paralyzed,animal,venom,mammal,attack,claw,white
0002708.jpeg,monkey,primate,hairy,beast,white
0002709.jpeg,monkey,primate,hairy,beast,white
0002710.jpeg,monkey,primate,hairy,beast,white
0002711.jpeg,monkey,baboon,primate,hairy,beast,white
0002712.jpeg,toad,frog,animal,amphibian,white
0002713.jpeg,cheetah,cat,running,antelope,animal,birds,attack,hunt,white
0002714.jpeg,beasts,fight,bear,creatures,animals,scavenger,hyena,wild,scary,teeth
0002715.jpeg,sloth,whale,wild,animal,fight,attack,teeth,claws,white
0002716.jpeg,beasts,leopard,cats,animals,wild,teeth,tree,white
0002717.jpeg,africa,lion,antelope,buffalo,horn,beast,giant,animal,predator,hunt,attack,scary,teeth,claws,white
0002718.jpeg,monkeys,elephant,giant,teeth,jungle,wild,tiger,animals,monster,white
0002719.jpeg,sabertooth,cat,prehistoric,bear,giant,panda,predator,teeth,claws,white,black
0002720.jpeg,jaguar,sabertooth,prehistoric,panthera,cat,lion,mammoth,wild,jungle,birds,animals,white
0002721.jpeg,cat,lion,animal,predator,wild,beast,white
0002722.jpeg,boar,pig,beast,scary,mammal,white
0002723.jpeg,stag,beast,animal,deer,antler,white
0002724.jpeg,stag,animal,deer,antler,rabbit,white
0002725.jpeg,cat,animal,rat,animals,giant,white
0002726.jpeg,hippopotamus,hippo,giant,prehistoric,animal,teeth,white
0002727.jpeg,monkey,animal,ape,primate,hairy,white
0002728.jpeg,anteater,prehistoric,animal,armadillo,hairy,white
0002729.jpeg,stag,elk,animal,deer,antler,white
0002730.jpeg,stag,elk,animal,deer,antler,white
0002731.jpeg,cat,leopard,predator,animals,walrus,attack,hunt,white
0002732.jpeg,giant,rat,mammal,mouse,tail,hairy,white
0002733.jpeg,cat,animal,predator,hunt,mammal,wild,teeth,white
0002734.jpeg,fauna,prehistoric,mammal,kangaroo,bird,jungle,trees,white
0002735.jpeg,prehistoric,mammal,teeth,creature,animal,white
0002736.jpeg,prehistoric,beast,wild,fight,animal,crocodile,reptile,teeth,white
0002737.jpeg,fauna,prehistoric,bear,animal,horse,scary,fight,white
0002738.jpeg,fauna,beasts,bear,animals,neanderthal,human,kill,dead,fight,white
0002739.jpeg,stag,animal,predator,teeth,crocodile,reptile,teeth,fight,hunt,deer,white
0002740.jpeg,boat,snake,giant,sea,reptile,animal,fish,serpent,hunt,eat,white
0002741.jpeg,snake,diving,swim,sea,reptile,animal,monster,serpent,white
0002742.jpeg,reptile,snake,giant,beast,teeth,scales,animal,monster,serpent,sea
0002743.jpeg,animal,snake,serpent,reptile,wild,white
0002744.jpeg,animal,snake,serpent,reptile,wild,white
0002745.jpeg,animal,snake,serpent,boa,python,reptile,branch,wild,green,white
0002746.jpeg,animal,snake,serpent,boa,giant,reptile,wild,white,green
0002747.jpeg,raptors,prehistoric,dinosaurs,lizards,reptile,attack,tree,white
0002748.jpeg,lizard,prehistoric,giant,reptile,dinosaur,attack,fight,sea,white
0002749.jpeg,theropod,beast,giant,dinosaurs,reptile,tyrannosaurus,rex,creature,t-rex,monster,birds,white
0002750.jpeg,theropod,jurassic,prehistoric,animal,birds,monster,dinosaur,giant,beast,reptile,white
0002751.jpeg,tyrannosaurus,rex,prehistoric,animal,giant,beast,dinosaur,teeth,reptile,birds,white
0002752.jpeg,tyrannosaurus,rex,prehistoric,animal,giant,beast,dinosaur,teeth,reptile,birds,white
0002753.jpeg,theropod,dinosaur,animals,beast,giant,reptile,colorful,prehistoric
0002754.jpeg,tyrannosaurus,jurassic,prehistoric,rex,tyrannosaur,reptile,animal,beast,monster,dinosaur,colorful
0002755.jpeg,theropod,dinosaur,bird,reptile,beak
0002756.jpeg,prehistoric,reptile,monster,dinosaur,beast,thorns
0002757.jpeg,jurassic,prehistoric,beast,wild,animal,monster,dinosaur,horns,scales,thorns
0002758.jpeg,starry,sky,night,prehistoric,dinosaurs,birds,animals,water,splash
0002759.jpeg,night,sky,stars,moon,animal,howling,dinosaur,beast,wild,prehistoric
0002760.jpeg,giant,diving,swim,underwater,monsters,animal,fish
0002761.jpeg,eel,diving,underwater,sea,monsters,animal,fish,shark,green
0002762.jpeg,diving,sea,monsters,animal,fish,dangerous,piranha
0002763.jpeg,marine,animal,tail,fin,fish,giant,diver,underwater,sea,blue
0002764.jpeg,swim,diving,underwater,blue,sea,animal,monster,mammal,seal
0002765.jpeg,seal,bear,teeth,marine,sea,mammal,diver,underwater
0002766.jpeg,mammal,animal,walrus,tooth,marine,sea,swim,diver
0002767.jpeg,animal,mammal,whale,giant,fin,blue,sea,underwater,diver
0002768.jpeg,animal,dolphin,whale,diving,sea,underwater,swim,blue
0002769.jpeg,diver,sea,blue,underwater,snail,animal,fish
0002770.jpeg,diver,sea,blue,underwater,swim,turtle,animal
0002771.jpeg,underwater,diving,sea,light,lamp,animal,fish,monster
0002772.jpeg,diving,cage,diver,sea,underwater,blue,monster,animal,shark,teeth,beast,wild
0002773.jpeg,marine,diver,sea,underwater,swim,monster,animal,fin,mammal,whale,giant
0002774.jpeg,diver,underwater,swim,sea,monster,fish,shark,beast,wild,scary
0002775.jpeg,diver,cage,underwater,sea,monster,animal,shark,fin,beast,scary
0002776.jpeg,underwater,diver,sea,blue,giant,fish,animal,colors
0002777.jpeg,underwater,marine,diver,swim,sea,beast,animals,fish,eel
0002778.jpeg,underwater,swim,sea,blue,marine,diver,monster,reptile,animal,beast,crocodile,scale,teeth
0002779.jpeg,monster,lizard,reptile,animal,crocodile,beast,diver,underwater,sea,swim
0002780.jpeg,dolphin,animal,teeth,monster,beast,diver,sea,underwater,swim,blue
0002781.jpeg,underwater,blue,diver,sea,monster,mammal,whale,animal
0002782.jpeg,underwater,diver,sea,blue,monster,sawfish,fish,attack,danger
0002783.jpeg,diver,sea,underwater,blue,monster,animal,fish,fin,wild,beast,teeth
0002784.jpeg,underwater,marine,diver,sea,invertebrate,predator,creature,worm,monster
0002785.jpeg,marine,diver,sea,blue,underwater,swim,penguin,animals
0002786.jpeg,animal,parrot,bird,feather,crocodile,reptile,green,white
0002787.jpeg,raptors,bird,eagle,predator,hawk,attack,white
0002788.jpeg,prehistoric,animal,mammal,hyena,beast,wild
0002789.jpeg,snake,reptile,animal,sea,diver,underwater
0002790.jpeg,diver,sea,underwater,blue,animal,seal,cute
0002791.jpeg,giant,animal,whale,diver,sea,underwater,blue,swim
0002792.jpeg,swine,hog,wild,boar,predatory,pig,giant,beast
0002793.jpeg,prehistoric,beast,animal,wild,teeth,scary,white,brown
0002794.jpeg,animal,walrus,mammal,fat,brown
0002795.jpeg,panthera,cave,animal,crocodile,hunt,wild,predator
0002796.jpeg,attack,fight,eagle,bird,wings,feathers,animal,ape,primate,monkey
0002797.jpeg,prehistoric,primal,human,animal,birds,attack,blue,sky,grass,green
0002798.jpeg,prehistoric,beast,animal,predator,attack,hunt,grey
0002799.jpeg,blue,marine,diver,sea,swim,underwater,animal,monster,otter,beast
0002848.jpeg,sketch,animal,bird,beak,head
0002849.jpeg,animal,aquatic,fish,fin,sea,marine,ocean
0002851.jpeg,bird,head,hairy,animal
0002852.jpeg,dinosaur,head,beast,dark,animal
0002853.jpeg,animal,dinosaur,reptile,tyrannosaurus,theropod,sketch,drawing,white
0002854.jpeg,animal,reptile,sketch,drawing,white
0002855.jpeg,animal,dinosaur,reptile,sketch,drawing,white
0002856.jpeg,animal,dinosaur,reptile,horn,sketch,drawing,white
0002857.jpeg,animal,reptile,beak,sketch,drawing,white
0002858.jpeg,animal,lizard,reptile,sketch,drawing,white
0002859.jpeg,animal,lizard,reptile,sketch,drawing,white
0002860.jpeg,animal,crocodile,alligator,reptile,sketch,drawing,white
0002861.jpeg,animal,crocodile,alligator,reptile,scales
0002862.jpeg,animal,raptor,feather,wings,sketch,drawing,white
0002863.jpeg,animal,raptor,feather,wings,sketch,drawing,white
0002864.jpeg,animal,dinosaur,reptile,jurassic
0002865.jpeg,portrait,head,animal,dinosaur,reptile,jurassic
0002867.jpeg,portrait,head,animal,dinosaur,reptile,jurassic,thorn
0002868.jpeg,prehistoric,animal,dinosaur,reptile,jurassic,thorn
0002869.jpeg,prehistoric,animal,dinosaur,reptile,jurassic,thorn,sketch,drawing
0002870.jpeg,prehistoric,animal,aquatic,fin,marine,sketch,drawing
0002871.jpeg,prehistoric,animal,reptile,sketch,drawing
0002872.jpeg,prehistoric,lizard,reptile,sketch,drawing
0002873.jpeg,prehistoric,animal,beast,sketch,drawing
0002874.jpeg,prehistoric,animal,reptile,amphibia,crocodile,toad,sketch,drawing
0002879.jpeg,animal,creature,whale,dolphin,swim
0002880.png,animal,creature,whale,dolphin,portrait,head
0002881.jpeg,prehistoric,paleontology,creatures,animals,aquatic,jawless,fishes,science,marine,biology
0002882.jpeg,prehistoric,paleontology,creatures,animals,aquatic,fishes,science,marine,biology
0002883.jpeg,prehistoric,paleontology,creatures,animals,aquatic,fishes,science,zoology,marine,biology
0002885.jpeg,prehistoric,paleontology,creatures,animals,aquatic,science,marine,biology
0002886.jpeg,prehistoric,creatures,animals,fish,aquatic,science,marine,biology
0002888.jpeg,prehistoric,creatures,animals,fish,aquatic,science,marine,biology
0002891.jpeg,prehistoric,animal,antennae,lobster,shrimp,creature,science,biology,zoology
0002892.jpeg,prehistoric,animal,antennae,arachnid,creature,science,biology,zoology
0002893.jpeg,prehistoric,paleontology,animal,antennae,lobster,shrimp,creature,science,biology,zoology
0002894.png,prehistoric,animal,antennae,lobster,shrimp,crab,creature,science,biology,zoology
0002895.png,prehistoric,paleontology,animal,antennae,lobster,shrimp,crab,creature,science,biology,zoology
0002896.jpeg,prehistoric,animal,antennae,lobster,shrimp,crab,creature,science,biology,zoology
0002897.jpeg,prehistoric,animal,antennae,lobster,shrimp,crab,creature,science,biology,zoology
0002900.jpeg,prehistoric,animal,octopus,squid,tentacle,creature,science,biology,zoology
0002902.jpeg,animal,bug,insect,invertebrate,creature,science,biology,zoology
0002903.jpeg,animal,bug,insect,invertebrate,antennae,creature,science,biology,zoology
0002904.jpeg,animal,bug,insect,invertebrate,antennae,creature,science,biology,zoology
0002905.jpeg,animal,bug,insect,invertebrate,antennae,creature,science,biology,zoology
0002906.jpeg,animal,bug,insect,invertebrate,antennae,creature,science,biology,zoology
0002907.jpeg,prehistoric,creature,animals,fish,lake,aquatic,science,marine,biology
0002908.jpeg,prehistoric,creature,animals,fish,aquatic,science,marine,biology
0002909.jpeg,prehistoric,creature,animals,fish,aquatic,science,marine,biology
0002910.jpeg,prehistoric,creature,animals,fish,aquatic,science,marine,biology
0002911.jpeg,prehistoric,creature,animals,fish,aquatic,science,marine,biology
0002912.jpeg,prehistoric,creature,animals,fish,aquatic,science,marine,biology
0002913.jpeg,prehistoric,creature,animals,fish,aquatic,science,marine,biology
0002914.jpeg,prehistoric,creature,animals,fish,aquatic,science,marine,biology
0002915.jpeg,prehistoric,creature,animals,fish,aquatic,science,marine,biology
0002920.jpeg,prehistoric,paleontology,creature,animals,dinosaur,reptile,hair,science,biology,zoology
0002937.jpeg,animal,dinosaur,jurassic,creature
0002938.jpeg,animal,bird,peacock,beak,colored
0002941.png,prehistoric,animal,dinosaur,giant,head
0003047.jpeg,skeleton,scientific,animal,dinosaur,theropod
0003049.jpeg,skeleton,scientific,animal,dinosaur,theropod
0003123.jpeg,animal,shark,teeth,fish,fin,aquatic,giant,prehistoric
0003124.jpeg,animal,shark,teeth,fish,fin,aquatic,giant,prehistoric
0003125.jpeg,animal,scorpion,posionous,antennae
0003126.jpeg,animal,mollusk,tentacles,long
0003127.jpeg,animal,arthropod,shrimp,mollusk
0003128.jpeg,animal,shark,jaws,teeth,fish,fin,aquatic,giant,prehistoric
0003129.jpeg,animal,shark,jaws,teeth,fish,fin,aquatic,giant,prehistoric
0003130.jpeg,animal,mollusk,arthropod,primal,prehistoric
0003131.jpeg,animal,spirals,octopus,squid,seashell,tentacles,scales
0003132.jpeg,animal,spirals,mollusk,scales,thorns
0003133.jpeg,marine,scales,mollusk,animal,snail,shells,spirals
0003134.jpeg,crab,arthropod,marine,tusk,scales,scales,mollusk,animal
0003135.jpeg,animal,aquatic,marine,shell
0003136.jpeg,shark,marine,aquatic,animal
0003137.jpeg,mollusks,scales,marine,biology,seashells,fish,animals
0003170.jpeg,animal,horse,donkey,mixed
0003176.jpeg,animal,eggs,newborns,babies,reproduction
0003178.jpeg,bird,beak,hairy,extinct,prehistoric,environment
0003179.jpeg,animal,bird,parrot,wings,feathers
0003180.jpeg,animals,sea,blue,aquatic,whale,giant,tooth,leviathan
0003182.jpeg,animals,underwater,aquatic,sea,fish,eat,hunt
0003183.jpeg,animals,underwater,aquatic,sea,fish,sealife
0003184.jpeg,animals,underwater,aquatic,sea,blue,fish,colony
0003199.jpeg,animal,aquatic,whale,giant,diver,swim
0003205.jpeg,animals,reptiles,sea,reef,prehistoric
0003206.jpeg,blue,animal,beast,teeth,shark,dark,underwater,scary
0003207.jpeg,animal,dolphin,fin,fish,diver
0003208.jpeg,animal,aquatic,fin,fish,sea,underwater
0003209.jpeg,insect,ant,bug,animal,green
0003210.jpeg,animals,reptile,wings,flying,tree,moon
0003212.jpeg,jurassic,dinosaur,dead,animals,hunt,reptile
0003213.jpeg,reef,fish,shark,animals,underwater,sea,turtle,sealife
0003215.jpeg,animals,underwater,sea,fish,shark,dark,scary,atmosphere
0003216.png,giant,animal,fish,aquatic,shark,beast,scary,underwater
0003217.jpeg,giant,animal,fish,creature,long,underwater,diver,aquatic
0003218.jpeg,animal,fish,colorful,creature,aquatic
0003219.jpeg,animal,aquatic,fish,fin,weird,dark
0003220.jpeg,aquatic,animal,fish,fin
0003221.jpeg,aquatic,animal,fish,fin
0003222.jpeg,aquatic,animal,fish,fin
0003223.jpeg,animals,dinosaurs,birds,sea,beach,top,prehistoric
0003224.jpeg,goose,water,bird,animal,swan
0003225.jpeg,animal,dinosaur,theropod,jurassic,beach,sand,sea
0003226.jpeg,animal,predator,dinosaur,fish,aquatic
0003228.jpeg,scientific,theropod,jurassic,animal,dinosaur,heads
0003229.jpeg,scientific,theropod,jurassic,animal,dinosaur,horns,man
0003231.jpeg,theropod,dinosaur,beast,animals,drawing,sketch
0003232.jpeg,dinosaur,beast,animals,snakes,reptile,man
0003268.jpeg,animal,shark,fish,fin,aquatic
0003273.jpeg,animal,dinosaur,giant,trees,prehistoric
0003274.jpeg,animal,dinosaur,reptile,scales,head
0003275.jpeg,animal,bird,feather,wing,tail
0003276.jpeg,animal,dinosaur,reptile,horn,prehistoric,drawing
0003280.jpeg,animal,reptile,tail,hide,cover
0003281.jpeg,animal,dinosaur,reptile,bird,beak,run
0003286.jpeg,animal,dinosaur,reptile,wing,tail,eat,hunt
0003291.jpeg,animal,dinosaur,reptile,green,jungle,tree,prehistoric
0003292.jpeg,animal,dinosaur,reptile,giant,jungle,tree,prehistoric
0003293.jpeg,animal,dinosaur,reptile,hump,giant,underwater,fish,prehistoric
0003294.jpeg,animal,dinosaur,reptile,tyrannosaurus,rex,hunt,fight,jungle,tree,prehistoric
0003295.jpeg,animal,dinosaur,reptile,horn,jungle,tree,prehistoric
0003296.jpeg,animal,dinosaur,reptile,giant,dead,hunt,prehistoric
0003297.jpeg,animal,dinosaur,reptile,hunt,bird,sea,tree,prehistoric
0003302.jpeg,animal,wild,dog,run,couple,grass
0003333.jpeg,animal,whale,giant,aquatic,predator,diver,white
0003336.jpeg,animal,dolphin,aquatic,underwater,sea
0003349.jpeg,animal,dolphin,aquatic,drawing,sketch
0003389.jpeg,animal,dinosaur,bird,feather,tail
0003390.jpeg,animal,theropod,dinosaur,reptile,white
0003391.jpeg,animal,head,dinosaur,reptile
0003392.jpeg,animal,head,reptile,dinosaur,white
0003393.jpeg,animal,bird,hairy,white
0003394.jpeg,animal,nest,dinosaur,eggs,theropod,sand
0003395.jpeg,animal,dinosaur,bird,feather,tail,white
0003398.jpeg,animal,dinosaur,bird,feather,tail
0003432.jpeg,animal,dinosaur,giant,theropod,skeleton,bone,scientific,white
0003433.jpeg,animal,dinosaur,reptile,skeleton,scientific,white
0003435.jpeg,animal,dinosaur,theropod,skeleton,scientific,white,black
0003437.png,animal,dinosaur,bird,wing,skeleton,scientific,gray
0003438.png,animal,dinosaur,bird,wing,skeleton,scientific,white
0003439.png,animal,dinosaur,giant,scientific,evolution
0003441.png,animal,dinosaur,reptile,aquatic,scientific,diver
0003570.jpeg,jurassic,dinosaur,animal,hunt,eat,sketch,drawing,white
0003571.jpeg,jurassic,dinosaur,animal,jungle,drawing
0003572.jpeg,jurassic,dinosaur,animal,moon,drawing
0003573.jpeg,jurassic,dinosaur,animal,giant,drawing
0003574.jpeg,jurassic,dinosaur,giant,beast,animal,hunt,eat,drawing
0003576.jpeg,dinosaur,animal,bird,hedgehog,drawing,paint
0003577.jpeg,bird,tapir,prey,vulture,hunt,drawing,white
0003578.jpeg,bird,sloth,owl,animals,jungle,drawing,white
0003579.jpeg,bird,ostrich,drawing,sketch,white
0003580.jpeg,animals,bird,jungle,ostrich,drawing
0003581.jpeg,animal,bird,falcon,branch,drawing
0003582.jpeg,bird,beak,rain,drawing,sketch,white
0003583.jpeg,bird,feather,wings,fly,bess,sketch,drawing
0003584.jpeg,bird,wings,feather,baby,nest,tree,drawing
0003585.jpeg,bird,ostrich,sketch,drawing,white
0003586.jpeg,bird,feather,lake,sketch,drawing,white
0003587.jpeg,animal,bird,feather,beak,sketch,drawing
0003588.jpeg,animals,bird,feather,branch,tree
0003589.jpeg,birds,animals,hunt,eat,fish,lake,sketch,drawing
0003590.jpeg,bird,animal,beak,river,sketch,drawing
0003591.jpeg,bird,beak,eat,crab,sketch,drawing,white
0003592.jpeg,animals,rhino,fauna,bird,jungle,sketch,drawing
0003593.jpeg,animals,bird,rhino,horn,sketch,drawing
0003594.jpeg,bird,eagle,primate,hunt,dead,tree,branch,sketch,drawing
0003595.jpeg,bird,wings,feather,nest,sketch,drawing
0003596.jpeg,animals,bird,fight,beak,sketch,drawing
0003597.jpeg,animal,bird,beak,feather,tree,sketch,drawing
0003598.jpeg,animals,bird,little,water,realistic
0003599.jpeg,animals,whale,underwater,sea,blue
0003600.jpeg,animal,whale,hunt,sea,blue
0003602.jpeg,animal,whale,underwater,sea,blue,dark
0003603.jpeg,animal,dinosaur,reptile,dust
0003604.jpeg,jurassic,animal,dinosaur,reptile,family,baby
0003605.jpeg,tyrannosaurus,theropod,animal,dinosaur,head,tree
0003606.jpeg,animal,dinosaur,reptile,beast,jurassic
0003607.jpeg,animal,dinosaur,reptile,beast,jurassic
0003608.jpeg,animal,beast,beast,predator,hunt,lake,splash
0003609.jpeg,marine,sea,ocean,underwater,fish,animals
0003610.jpeg,animal,dinosaur,reptile,lake,drink,water
0003611.jpeg,marine,animal,reptile,turtle,sea,swim
0003612.jpeg,animal,fly,insect,bug,antennae,dark
0003613.jpeg,animal,fish,sea,underwater,marine,reef,mountain
0003615.jpeg,jurassic,dinosaur,reptile,animal,tree
0003616.jpeg,jurassic,dinosaur,bird,animal,wing,fly
0003617.jpeg,jurassic,dinosaur,bird,animal,wing,fly,sea,rock
0003618.jpeg,jurassic,dinosaur,bird,animal,wing,fly,sea
0003619.jpeg,beast,teeth,sea,ocean,animal,fish,head
0003620.jpeg,animal,shark,sea,ocean,underwater,sunlight
0003621.jpeg,animal,dinosaur,reptile,lake,swim
0003623.jpeg,animal,bird,feather,eat,trees
0003625.jpeg,marine,bird,fish,sea,ocean,top
0003626.jpeg,marine,sea,ocean,blue,underwater,fish,reptile
0003632.jpeg,tyrannosaurus,jurassic,dinosaur,reptile,animal,theropod
0003633.jpeg,jurassic,dinosaur,reptile,animal,theropod,trees
0003634.jpeg,jurassic,dinosaur,reptile,animal,theropod,trees
0003718.jpeg,scenery,castle,environment,fantasy,cliff,clouds,river
0003719.jpeg,night,environment,mountains,cliff,fantasy,town,stone
0003720.jpeg,mountain,ruins,temple,environment,waterfall
0003721.jpeg,grass,explorer,mountains,clouds,landscape,horse,cowboy
0003722.jpeg,planet,mountain,environment,futuristic,rock,science,fiction,fantasy
0003723.jpeg,planet,sci-fi,environment,mountains,mysterious,landscape,soldier,fantasy,sunlight
0003724.jpeg,environment,city,science,fiction,futuristic,fantasy
0003725.jpeg,environment,science,fiction,futuristic,technology,fantasy,planet
0003726.jpeg,planet,space,tower,futuristic,spaceship,city,skyscraper,cruiser
0003727.jpeg,earth,spaceship,landscape,creation,monolith,atmosphere
0003728.jpeg,creatures,tunnel,grave,science,fiction,technology
0003729.jpeg,technology,futuristic,landscape,castle,white
0003731.jpeg,space,moon,technology,futuristic,starry
0003732.jpeg,spaceship,spacecraft,space,exploration,planet,orbit
0003733.jpeg,space,flyby,spacecraft,spaceship,mars,exploration,orbit,planet,stars
0003737.jpeg,heavy,tank,machine,armored,gun,missile,launcher,battle,military,army
0003752.jpeg,vehicle,heavy,truck,machine,armored,military,army
0003764.jpeg,stellar,aerospace,fighter,jet,combat,stars,planet,technology,futuristic
0003765.jpeg,aircraft,warfare,strike,fighter,jet,combat,military,science,armed,forces,technology
0003766.jpeg,aircraft,space,stellar,stars,warfare,jet,strike,fighter,combat,military,armed,forces,technology
0003767.jpeg,aircraft,stellar,space,stars,warfare,jet,strike,fighter,combat,military,armed,forces,technology
0003768.jpeg,aircraft,stellar,space,stars,warfarejet,,strike,fighter,combat,military,armed,forces,technology
0003769.jpeg,aircraft,jet,space,space,warfare,strike,fighter,combat,military,armed,forces,technology
0003770.jpeg,aircraft,jet,clouds,sky,warfare,strike,fighter,combat,military,armed,forces,technology
0003772.jpeg,aircraft,clouds,sky,warfare,strike,jet,fighter,combat,military,armed,forces,technology
0003774.jpeg,aircraft,clouds,sky,warfare,strike,jet,fighter,combat,military,armed,forces,technology
0003785.png,aircraft,sky,warfare,strike,fighter,jet,combat,military,armed,forces,technology
0003786.png,aircraft,sky,clouds,warfare,strike,fighter,jet,combat,military,armed,forces,technology
0003787.png,aircraft,sky,warfare,strike,fighter,jet,combat,military,armed,forces,technology
0003788.png,aircraft,sky,clouds,warfare,strike,fighter,jet,combat,military,armed,forces,technology
0003789.png,aircraft,sky,clouds,warfare,strike,fighter,jet,combat,military,armed,forces,technology
0003790.png,aircraft,sky,clouds,warfare,strike,fighter,jet,combat,military,armed,forces,technology
0003791.jpeg,aircraft,sky,clouds,warfare,strike,fighter,combat,military,armed,forces,technology
0003792.jpeg,aircraft,sky,clouds,warfare,strike,fighter,combat,military,armed,forces,technology
0003793.jpeg,aircraft,sky,clouds,warfare,strike,fighter,combat,military,armed,forces,technology,aviation
0003795.jpeg,aircraft,sky,clouds,warfare,strike,fighter,jet,combat,military,armed,forces,technology,aviation
0003797.jpeg,aircraft,sky,clouds,warfare,strike,fighter,combat,military,armed,forces,technology,aviation
0003801.jpeg,aircraft,sky,clouds,warfare,strike,fighter,combat,military,armed,forces,technology,aviation
0003802.jpeg,aircraft,sky,clouds,warfare,strike,fighter,jet,combat,military,armed,forces,technology,aviation
0003805.jpeg,aircraft,sky,clouds,warfare,strike,fighter,jet,combat,military,armed,forces,technology,aviation
0003807.jpeg,aircraft,sky,clouds,warfare,strike,fighter,jet,combat,military,armed,forces,technology,aviation
0003808.jpeg,aircraft,sky,warfare,strike,fighter,combat,military,armed,forces,technology,aviation
0003814.jpeg,aircraft,sky,clouds,warfare,strike,fighter,combat,military,armed,forces,technology,aviation
0003815.jpeg,aircraft,warfare,strike,fighter,combat,military,armed,forces,technology,aviation,sea
0003817.jpeg,aircraft,warfare,strike,fighter,combat,military,armed,forces,technology,aviation,sky,clouds
0003818.png,aircraft,warfare,strike,fighter,combat,military,armed,forces,technology,aviation,sky,clouds
0003820.jpeg,aircraft,warfare,strike,fighter,combat,military,armed,forces,technology,aviation,sky,clouds
0003822.jpeg,aircraft,warfare,strike,fighter,combat,military,armed,forces,technology,aviation,sky,sea,ship
0003825.jpeg,aircraft,warfare,strike,fighter,combat,military,armed,forces,technology,aviation,sky,clouds
0003827.jpeg,aircraft,warfare,strike,fighter,combat,military,armed,forces,technology,aviation,sky,clouds
0003829.jpeg,aircraft,warfare,strike,fighter,combat,military,armed,forces,technology,aviation,sky,clouds,jet
0003830.jpeg,aircraft,warfare,strike,fighter,combat,military,armed,forces,technology,aviation,sky,clouds,jet
0003835.jpeg,aircraft,warfare,strike,fighter,combat,military,armed,forces,technology,aviation,sky,clouds
0003836.jpeg,aircraft,warfare,strike,fighter,combat,military,armed,forces,technology,aviation,sky,clouds
0003838.jpeg,aircraft,warfare,strike,fighter,combat,military,armed,forces,technology,aviation,sky,clouds
0003839.jpeg,aircraft,warfare,strike,fighter,combat,military,armed,forces,technology,aviation,sky,clouds
0003849.jpeg,heavy,tank,machine,armored,gun,missile,launcher,battle,military,army,war
0003850.jpeg,heavy,tank,machine,armored,gun,missile,launcher,battle,military,army
0003851.jpeg,heavy,tank,machine,armored,gun,missile,launcher,battle,military,army,fire,war
0003852.jpeg,heavy,tank,machine,armored,gun,missile,launcher,battle,military,army,war
0003870.jpeg,aircraft,warfare,strike,fighter,combat,jet,military,armed,forces,technology,aviation,sky,clouds
0003871.jpeg,aircraft,warfare,strike,fighter,combat,jet,military,armed,forces,technology,aviation,sky,clouds
0003872.jpeg,aircraft,warfare,strike,fighter,combat,military,armed,forces,technology,aviation,sky,clouds
0003876.jpeg,aircraft,warfare,strike,fighter,combat,military,armed,forces,technology,aviation,sky,clouds
0003877.jpeg,aircraft,warfare,strike,fighter,combat,military,armed,forces,technology,aviation,sky,clouds
0003878.jpeg,aircraft,warfare,strike,fighter,combat,military,armed,forces,technology,aviation,sky,clouds
0003879.jpeg,aircraft,warfare,strike,fighter,combat,military,armed,forces,technology,aviation
0003880.jpeg,aircraft,warfare,strike,fighter,combat,military,armed,forces,technology,aviation,sky,clouds
0003884.jpeg,aircraft,warfare,strike,fighter,combat,military,armed,forces,jet,technology,aviation,sky,clouds,mountains
0003885.jpeg,aircraft,warfare,strike,fighter,combat,military,armed,forces,technology,aviation
0003886.jpeg,aircraft,warfare,strike,fighter,combat,military,armed,forces,technology,aviation,sky,clouds
0003887.jpeg,aircraft,warfare,strike,fighter,combat,military,armed,forces,technology,aviation,sky,mountains
0003888.jpeg,aircraft,warfare,strike,fighter,combat,military,armed,forces,technology,aviation,sky,clouds
0003891.jpeg,aircraft,warfare,strike,fighter,combat,military,armed,forces,technology,aviation,sky,clouds
0003896.jpeg,aircraft,warfare,strike,fighter,combat,military,armed,forces,technology,aviation,sky,clouds,birds
0003897.jpeg,aircraft,warfare,strike,fighter,combat,military,armed,forces,technology,aviation,sky,clouds
0003898.jpeg,aircraft,warfare,strike,fighter,combat,military,armed,forces,technology,aviation,sky,clouds
0003899.jpeg,aircraft,warfare,strike,fighter,combat,military,armed,forces,technology,aviation,sky,clouds
0003911.jpeg,aircraft,warfare,strike,fighter,combat,military,armed,forces,technology,aviation,sky,clouds
0003912.jpeg,aircraft,warfare,strike,fighter,combat,military,armed,forces,technology,aviation,sky,clouds
0003913.jpeg,aircraft,warfare,strike,fighter,combat,military,armed,forces,technology,aviation,clouds
0003914.jpeg,aircraft,warfare,strike,fighter,combat,military,armed,forces,technology,aviation,sky,clouds
0003915.jpeg,aircraft,warfare,strike,fighter,combat,military,armed,forces,technology,aviation,sky,clouds
0003916.jpeg,aircraft,warfare,strike,fighter,combat,military,armed,forces,technology,aviation,sky,clouds
0003920.jpeg,aircraft,warfare,strike,fighter,combat,military,armed,forces,technology,aviation,sky,clouds
0003921.jpeg,aircraft,warfare,strike,fighter,combat,military,armed,forces,technology,aviation,hangar
0003922.jpeg,aircraft,warfare,strike,fighter,combat,military,armed,forces,technology,aviation,sky,clouds
0003927.jpeg,aircraft,warfare,strike,fighter,combat,military,armed,forces,technology,aviation,sky,clouds
0003934.jpeg,aircraft,warfare,strike,fighter,combat,military,armed,forces,technology,aviation,sky,jet
0003935.jpeg,aircraft,warfare,strike,fighter,combat,military,armed,forces,jet,technology,aviation
0003939.jpeg,aircraft,jet,warfare,strike,fighter,combat,military,armed,forces,technology,aviation,sky,clouds,stars
0003940.png,aircraft,jet,warfare,strike,fighter,combat,military,armed,forces,technology,aviation
0003941.png,aircraft,missile,warfare,strike,military,technology,aviation,sky
0003943.jpeg,aircraft,jet,warfare,strike,fighter,combat,military,armed,forces,technology,aviation,sky
0003945.png,aircraft,jet,warfare,strike,fighter,combat,military,armed,forces,technology,aviation,sky
0003946.png,aircraft,jet,warfare,strike,fighter,combat,military,armed,forces,technology,aviation,sky
0003947.jpeg,aircraft,jet,warfare,strike,fighter,combat,military,armed,forces,technology,aviation,sky,clouds
0003953.jpeg,aircraft,warfare,strike,fighter,combat,military,armed,forces,technology,aviation
0003954.jpeg,aircraft,jet,warfare,strike,fighter,combat,military,armed,forces,technology,aviation
0003955.jpeg,aircraft,warfare,strike,fighter,combat,military,armed,forces,technology,aviation,jet
0003956.jpeg,aircraft,warfare,strike,fighter,jet,combat,military,armed,forces,technology,aviation
0003957.jpeg,aircraft,warfare,strike,fighter,combat,military,armed,forces,technology,aviation
0003990.jpeg,aircraft,warfare,helicopter,combat,military,armed,forces,technology,aviation,sky,birds
0004021.jpeg,heavy,tank,machine,armored,gun,missile,launcher,battle,military,army,war,destruction
0004022.jpeg,heavy,tank,machine,armored,gun,missile,launcher,battle,military,army,forest,fire,winter
0004023.jpeg,heavy,tank,machine,armored,gun,missile,launcher,battle,military,army,warfare,destruction,war
0004025.jpeg,heavy,tank,machine,armored,gun,missile,launcher,battle,military,army,soldiers,trees
0004032.jpeg,animal,dinosaur,prehistoric,jurassic,tail
0004033.jpeg,animal,dinosaur,prehistoric,jurassic,head,wild,hazy
0004034.jpeg,tyrannosaurus,animal,dinosaur,prehistoric,jurassic,tail
0004046.jpeg,animal,dinosaur,prehistoric,jurassic,horn
0004048.jpeg,animal,dinosaur,raptor,prehistoric,jurassic,head
0004049.jpeg,tyrannosaurus,animal,dinosaur,prehistoric,jurassic,head
0004050.jpeg,tyrannosaurus,animal,dinosaur,giant,prehistoric,jurassic,lion,rhinoceros,sun
0004068.jpeg,animal,dinosaur,prehistoric,jurassic,horn,scales
0004069.jpeg,animal,dinosaur,prehistoric,jurassic,hairy
0004070.jpeg,animal,dinosaur,prehistoric,jurassic,tail,reptile
0004071.jpeg,animal,dinosaur,theropod,reptile,animal,hairy
0004072.jpeg,animal,dinosaur,prehistoric,jurassic,tail,reptile,bird
0004073.jpeg,theropod,animal,dinosaur,prehistoric,jurassic,tree
0004074.jpeg,theropod,reptile,animal,dinosaur,raptor,hairy
0004075.jpeg,theropod,reptile,animal,dinosaur,raptor,hairy,feather
0004087.jpeg,raptor,bird,sea,beach,birds,clouds
0004088.jpeg,aquatic,whale,penguin,animal
0004089.jpeg,dinosaur,animal,scale,head,horn,bull
0004090.jpeg,dinosaur,animal,scale,horn,beast,tree,cloud
0004092.jpeg,dinosaur,animal,scale,head,horn
0004094.jpeg,dinosaur,animal,scale,head,reptile
0004101.jpeg,animal,dinosaur,raptor,bird,wing
0004102.png,animal,dinosaur,raptor,bird,wing
0004103.jpeg,animal,dinosaur,raptor,bird,wing,tail,white
0004104.jpeg,animal,dinosaur,raptor,bird,wing,field,river,cloud
0004107.jpeg,animal,dinosaur,head,scale,horn,dark
0004108.jpeg,animal,dinosaur,head,scale,horn
0004109.png,animal,dinosaur,head,leaves
0004110.jpeg,animal,dinosaur,reptile,sand,trees,clouds
0004117.jpeg,animal,dinosaur,raptor,tail,hairy
0004122.jpeg,animal,dinosaur,reptile,predator,hunt,eat
0004131.jpeg,theropod,prehistoric,extinct,animal,dinosaur,tyrannosaur,giant,man
0004137.jpeg,animal,bird,raptor,dinosaur,feather,fight
0004138.jpeg,animal,bird,raptor,dinosaur,lake,hunt
0004139.jpeg,animal,bird,eagle,claw,feather,beak
0004140.jpeg,dinosaur,animal,raptor,hunt,predator,jungle,trees
0004149.jpeg,theropod,dinosaur,animal,prehistoric,jurassic
0004150.jpeg,crocodile,reptile,animal,underwater,bottom,sea
0004153.jpeg,dinosaur,animal,reptile,claw,prehistoric
0004154.jpeg,dinosaur,animal,reptile,prehistoric
0004155.jpeg,bird,animal,raptor,feather
0004156.jpeg,dinosaur,animal,reptile,prehistoric,thorn
0004157.jpeg,animal,bird,raptor,wings,feather,jungle,tree
0004159.jpeg,animal,dinosaur,head,scale,reptile
0004160.jpeg,dinosaur,animal,reptile,prehistoric,scale
0004161.jpeg,bird,animal,raptor,hairy
0004162.jpeg,dinosaur,animal,reptile,prehistoric,tree
0004163.jpeg,dinosaur,animal,giant,prehistoric,forest,clouds,lightning
0004164.jpeg,dinosaur,animal,giant,prehistoric,jurassic
0004165.jpeg,dinosaur,animal,theropod,prehistoric,jurassic
0004173.jpeg,raptor,animal,bird,head
0004178.jpeg,ape,monkey,primate,hominid,animal,black
0004179.jpeg,animal,rhinoceros,big,horn
0004180.jpeg,animal,bird,beak,dark,hunt
0004181.jpeg,fossil,dead,bones,leaves,water
0004182.jpeg,dinosaurs,fossil,bird,raptor,feather,paleontology,skeleton
0004183.jpeg,dinosaurs,animal,bird,head,prehistoric
0004184.jpeg,animal,dinosaur,head,scale,horn,dark
0004185.jpeg,animal,dinosaur,head,scale,dark
0004187.jpeg,animal,dinosaur,reptile,head,scale,white
0004190.jpeg,animal,dinosaur,raptor,bird,wings,tree
0004191.jpeg,animal,dinosaur,reptile,scale,orange
0004192.jpeg,animal,raptor,bird,wing,dinosaur,man
0004193.jpeg,theropod,jurassic,dinosaur,animal,prehistoric
0004194.jpeg,theropod,jurassic,dinosaur,animal,prehistoric
0004195.jpeg,theropod,jurassic,dinosaur,animal,prehistoric
0004196.jpeg,theropod,jurassic,dinosaur,animal,prehistoric
0004199.jpeg,theropod,jurassic,dinosaur,animal,prehistoric
0004244.jpeg,fantasy,golden,creature,animal,feather,wings,hairy,sky,fly
0004246.jpeg,fantasy,glowing,creature,dragon,animal,wings,sky,fly,clouds
0004247.jpeg,fantasy,creature,animal,dragon,head,red,rose
0004248.jpeg,fantasy,creature,animal,dragon,sleep,feather,glowing
0004317.jpeg,fantasy,dragon,creature,animal,teeth,angry,tempest,storm,electric,clouds
0004323.png,fantasy,dragon,animal,creature,wings,tail,alone,port,sea,blue,sky,clouds
0004333.jpeg,cartoon,fantasy,dragons,wings,animals,creatures,couple,lie
0004334.jpeg,cartoon,fantasy,dragon,wings,horn,animal,creature
0004335.jpeg,cartoon,fantasy,dragon,wings,horn,animal,tail,creature,green
0004337.jpeg,cartoon,fantasy,dragon,wings,horn,animal,tail,creature
0004342.jpeg,cartoon,fantasy,dragon,wings,horn,animal,tail,creature,necklace
0004343.jpeg,cartoon,fantasy,dragon,wings,horn,animal,tail,creature,pink
0004344.jpeg,cartoon,fantasy,dragon,wings,horn,animal,tail,creature,run,grass
0004345.jpeg,cartoon,fantasy,dragon,wings,horn,animal,tail,creature,stars,sky,shiny,glowing
0004346.png,cartoon,fantasy,animal,dragon,creature,wings,horn,thorn,tail
0004347.jpeg,cartoon,fantasy,animal,dragon,creature,wings,horn,thorn,tail,white
0004360.jpeg,cartoon,fantasy,animal,dragon,creature,horns,smile,colorful
0004363.jpeg,cartoon,fantasy,animal,dragon,creature,dark,black,moon,night
0004371.jpeg,fantasy,animal,dragon,creature,wings,horn,dark,evil,angry
0004377.jpeg,cartoon,fantasy,animal,dragon,creature,rider,female,girl,couple
0004387.jpeg,cartoon,fantasy,animal,dragons,creatures,wings,horn,couple,captured,liquid
0004390.jpeg,cartoon,fantasy,animal,dragon,creature,wings,horn,sea,waves,fly,sun
0004397.jpeg,cartoon,fantasy,animal,dragons,creatures,wings,horns,tail,fly,city,buildings,houses,birds
0004401.jpeg,fantasy,animal,dragon,fire,creature,wings,horn,thorn,scale,angry,mad,giant,majestic,burn,city
0004432.jpeg,fantasy,monster,dragon,wings,giant,dark,black,evil,scary
0004433.jpeg,fantasy,monster,dragon,wings,giant,dark,black,evil,scary
0004434.jpeg,fantasy,monster,dragon,wings,giant,dark,black,evil,scary
0004435.jpeg,fantasy,monster,dragon,wings,horns,giant,attack,evil,scary
0004436.jpeg,fantasy,monster,dragon,horns,giant,evil,scary,thunder
0004437.jpeg,fantasy,monster,dragon,animal,wings,reptile,scales
0004438.jpeg,fantasy,monster,dragon,wings,giant,dark,black,evil,scary
0004439.jpeg,fantasy,monster,bear,claws,giant,evil,scary
0004440.jpeg,fantasy,monster,giant,reptile,thorns,evil,scary
0004441.jpeg,fantasy,monster,reptile,thorns,tail,evil,scary
0004443.jpeg,fantasy,monster,dragon,scales,beast,claws,horns,lie
0004444.jpeg,cartoon,fantasy,monster,dragon,wings,thorns,forest,trees
0004448.png,cartoon,fantasy,monster,scales,claws,cute,heart
0004450.jpeg,fantasy,monster,dragon,wild,giant,hunters,warriors,fight,scene
0004451.jpeg,cartoon,dog,animal,doberman,mafia,evil,wings,table,computer,money,wine,glass,lights
0004452.jpeg,cartoon,knights,dance,couple,spotlight,crowd,scene
0004453.jpeg,cartoon,character,knight,propeller,sun,mountains
0004454.jpeg,cartoon,character,man,male,fighter,weapon,cloak,plants
0004455.jpeg,cartoon,monster,male,scary,unnatural,infected,alien
0004456.jpeg,portrait,man,male,handsome,beard,coat,realistic,blonde
0004458.jpeg,portrait,man,male,handsome,beard,coat,realistic,blonde
0004459.jpeg,portrait,man,male,handsome,beard,famous,fighter
0004460.jpeg,desert,mountain,woman,female,horde,motorcycles,race,chase
0004461.png,cartoon,colorless,men,male,fighter,weapon,aim,rifle,teach,training
0004464.jpeg,fighter,woman,female,weapon,mechanic,tough,anger,desert
0004470.jpeg,comic,women,female,sexy,cleavage,captive,magic,fantasy,castle,moon
0004471.jpeg,comic,bow,arrow,fight,girl,sexy,werewolf
0004472.jpeg,comic,bow,arrow,fight,girl,sexy,werewolf,cage,crowd,spotlights
0004473.jpeg,comic,locker,room,girl,blonde,sexy,skate,lie
0004474.jpeg,comic,locker,room,girl,blonde,sexy,skate,lie
0004475.jpeg,comic,team,women,girls,fighters,bow,arrow,magic,fantasy,indoor,lights
0004477.jpeg,comic,team,women,sexy,fighters,bow,arrow,bat,tough
0004479.jpeg,comic,women,sexy,fighters,vampires,weapons,bow,arrow
0004488.jpeg,fantasy,comic,team,women,sexy,fighters,weapons,sun
0004489.jpeg,fantasy,comic,woman,sexy,weapon,hat,night
0004490.jpeg,fantasy,comic,woman,sexy,umbrella,night,gate,moon
0004491.jpeg,comic,woman,sexy,bow,arrow,spotlight,night,fight
0005432.jpeg,cartoon,pokemon,animal,beast,green,plant
0005446.jpeg,cartoon,comic,gorilla,ape,boxing,uppercut,boxing,fighting,knockout
0005851.jpeg,comic,male,fantasy,meditation,unnatural,bubbles
0005853.jpeg,portrait,girl,fantasy,mythology,slavic,tattoos,colorless
0005854.jpeg,fantasy,magic,sorcerer,elf,bird,wings,books
0005856.jpeg,fighter,man,male,beard,sword,guard,armor,bird
0005857.jpeg,fantasy,character,paladin,man,priest,shrine,praying,storm,thunder,rain
0005858.jpeg,fantasy,elf,male,beard,night,warrior,guard,armor
0005859.jpeg,fantasy,elf,night,character,bow,arrow,fighter,forest,trees,moonlight
0005860.jpeg,fantasy,elf,girl,portrait,female,beautiful
0005861.jpeg,fantasy,elf,romance,couple,love,night,woods,forest,lights
0005862.jpeg,fantasy,cartoon,elf,portrait,female,moon
0005873.jpeg,mage,sorceress,magic,female,woman,beautiful,fantasy
0005888.jpeg,fantasy,demon,evil,unnatural,wings,horns,dark,creatures,fight,castle
0005889.png,fantasy,elf,male,portrait,unnatural,demon,evil,tattoos
0005890.jpeg,fantasy,elf,male,wings,fly,unnatural,demon,evil,magic,sorcerer,dark,black
0005892.jpeg,fantasy,elf,male,portrait,unnatural,demon,evil,magic,anger,madness,skull
0005893.jpeg,fantasy,elf,male,portrait,unnatural,demon,evil,horns,dark,black
0005894.jpeg,fantasy,elf,male,unnatural,demon,evil,horns,dark,black,scary
0005895.jpeg,fantasy,ninja,fighter,man,male,strong,magic,chains,mask
0005896.jpeg,fantasy,ninja,fighter,man,male,strong,magic,mask
0005897.jpeg,fantasy,group,men,male,magic,mask,wind,lights,dust
0005898.jpeg,fighters,character,hall,statues,duel,dark,lights
0005899.jpeg,portrait,woman,beautiful,sexy,cleavage,gun,tough,smoke,colorless
0006166.jpeg,cartoon,monster,dragon,shark,scales,sea,beach,splash
0006178.jpeg,fire,lava,mountain,dragon,creature,scales,monster,fantasy,magma,molten,red,volcano,lava,clouds
0006179.jpeg,dragon,fantasy,undead,skeleton,ice,cold,legendary,fighters,team
0006180.jpeg,fantasy,myth,scales,dragon,wings,flying,moon,cold,blizzard,night
0006188.jpeg,fantasy,myth,destruction,fire,dragon,giant,wings,powerful,legendary
0006190.jpeg,fantasy,myth,depths,rising,fire,hell,dragon,giant,red,wings,flying,legendary
0006414.jpeg,portrait,man,male,handsome,charismatic,cool,cigarette,smoking
0006706.jpeg,portrait,elf,male,poster,daggers,weapon,character,thief,rogue,knife,assassin,cloak
0006708.jpeg,fantasy,team,elf,hunter,animal,bear,archer,female,ranger,woman,armor,swamp,trees
0006710.jpeg,fantasy,rogue,character,assassin,daggers,cloak,attack,moon
0006712.jpeg,cartoon,comic,couple,team,funny,smile,elf,elven
0006713.jpeg,rogue,ranger,team,attack,bow,arrow,dagger,forest,trees
0006714.jpeg,portrait,female,girl,beautiful,nature,leaves,druid,antler
0006722.jpeg,cartoon,couple,love,animals,horses,mustang,equine,cute